latitude,longitude,gas,humidity,temperature
12.90496,77.39337,0.4164,52,28
12.90396,77.29572,0.4164,52,28
12.90342,77.30567,0.4197,52,28
12.90423,77.20573,0.224,52,27
12.90432,77.20583,0.2197,53,28
12.80496,77.83765,0.2176,52,27
12.80416,77.39547,0.2164,52,27
12.94722,77.48857,0.2197,52,27
12.39274,77.30477,0.2176,52,27
12.32042,77.30577,0.2221,54,26
12.39267,77.3759,0.2164,54,26
12.30535,77.23905,0.2197,54,26
12.23684,77.49236,0.2176,54,26
12.30577,77.43592,0.2221,52,28
12.30573,77.64832,0.2236,52,28
30.240455,-97.817713,0.1885,57,29.8
30.240455,-97.817713,0.192,57,29.8
30.240455,-97.817713,0.1885,57,29.8
30.240455,-97.817713,0.1873,56,30
30.240455,-97.817713,0.1881,56,30.2
30.240455,-97.817713,0.1924,56,30.2
30.240455,-97.817713,0.1868,56,30.2
30.240455,-97.817713,0.1896,56,30.2
30.240455,-97.817713,0.1893,56,30.2
30.240455,-97.817713,0.1873,56,30.2
30.240455,-97.817713,0.1881,56,30.2
30.240455,-97.817713,0.1912,56,30.2
30.240455,-97.817713,0.1885,56,30.2
30.240455,-97.817713,0.1901,56,30.2
30.240455,-97.817713,0.1853,56,30.2
30.240455,-97.817713,0.1897,56,30.2
30.240455,-97.817713,0.1901,56,30.2
30.240455,-97.817713,0.1889,58,29.3
30.240455,-97.817713,0.1889,58,29.3
30.240455,-97.817713,0.1889,58,29.3
30.240455,-97.817713,0.1889,58,29.3
30.240455,-97.817713,0.1921,58,29.3
30.240455,-97.817713,0.1921,58,29.3
30.240455,-97.817713,0.1921,58,29.3
30.240455,-97.817713,0.1921,59,29.3
30.240455,-97.817713,0.1905,59,29.3
30.240455,-97.817713,0.1905,59,29.3
30.240455,-97.817713,0.1905,59,29.3
30.240455,-97.817713,0.1905,59,29.3
30.240455,-97.817713,0.1917,59,29.3
30.240455,-97.817713,0.1917,59,29.3
30.240455,-97.817713,0.1917,59,29.3
30.240455,-97.817713,0.1917,59,29.3
30.240455,-97.817713,0.1949,59,29.3
30.240455,-97.817713,0.1949,59,29.3
30.240455,-97.817713,0.1949,59,29.3
30.240455,-97.817713,0.1949,59,29.3
30.240455,-97.817713,0.1929,59,29.3
30.240455,-97.817713,0.1929,59,29.3
30.240455,-97.817713,0.1929,59,29.3
30.240455,-97.817713,0.1956,59,29.3
30.240455,-97.817713,0.1977,59,29.3
30.240455,-97.817713,0.196,59,29.3
13.00496,78.09337,0.2164,52,28
30.240455,-97.817713,0.1941,59,29.3
30.240455,-97.817713,0.1941,59,29.3
30.240455,-97.817713,0.1933,59,29.3
30.240455,-97.817713,0.1933,59,29.3
30.240455,-97.817713,0.1933,59,29.3
30.240455,-97.817713,0.1933,59,29.3
30.240455,-97.817713,0.1917,59,29.3
30.240455,-97.817713,0.1917,59,29.3
30.240455,-97.817713,0.1917,59,29.3
30.240455,-97.817713,0.1917,59,29.3
30.240455,-97.817713,0.1937,59,29.3
30.240455,-97.817713,0.1937,59,29.3
30.240455,-97.817713,0.1937,59,29.3
30.240455,-97.817713,0.1937,59,29.3
30.240455,-97.817713,0.1933,59,29.3
30.240455,-97.817713,0.1933,59,29.3
30.240455,-97.817713,0.1933,59,29.3
30.240455,-97.817713,0.1933,59,29.3
30.240455,-97.817713,0.1968,59,29.3
30.240455,-97.817713,0.1968,59,29.3
30.240455,-97.817713,0.1968,59,29.3
30.240455,-97.817713,0.1968,59,29.3
30.240455,-97.817713,0.1976,59,29.3
30.240455,-97.817713,0.1976,59,29.3
30.240455,-97.817713,0.1976,59,29.3
30.240455,-97.817713,0.1976,59,29.3
30.240455,-97.817713,0.1993,59,29.3
30.240455,-97.817713,0.1993,59,29.3
30.240455,-97.817713,0.1993,59,29.3
30.240455,-97.817713,0.1993,59,29.3
30.240455,-97.817713,0.1941,59,29.3
30.240455,-97.817713,0.1941,59,29.3
30.240455,-97.817713,0.1941,59,29.3
30.240455,-97.817713,0.1941,59,29.3
30.240455,-97.817713,0.1965,59,29.3
30.240455,-97.817713,0.1965,59,29.3
30.240455,-97.817713,0.1965,59,29.3
30.240455,-97.817713,0.1965,59,29.3
30.240455,-97.817713,0.1981,59,29.3
30.240455,-97.817713,0.1981,59,29.3
30.240455,-97.817713,0.1981,59,29.3
30.240455,-97.817713,0.1981,59,29.3
30.240455,-97.817713,0.1948,59,29.3
30.240455,-97.817713,0.1948,59,29.3
30.240455,-97.817713,0.1948,59,29.3
30.240455,-97.817713,0.1948,59,29.3
30.240455,-97.817713,0.1924,59,29.3
30.240455,-97.817713,0.1924,59,29.3
30.240455,-97.817713,0.1924,59,29.3
30.240455,-97.817713,0.1924,59,29.3
30.240455,-97.817713,0.1996,59,29.3
30.240455,-97.817713,0.1996,59,29.3
30.240455,-97.817713,0.1996,59,29.3
30.240455,-97.817713,0.1996,59,29.3
30.240455,-97.817713,0.1932,59,29.3
30.240455,-97.817713,0.1932,59,29.3
30.240455,-97.817713,0.1932,59,29.3
30.240455,-97.817713,0.1932,59,29.3
30.240455,-97.817713,0.1917,59,29.3
30.240455,-97.817713,0.1917,59,29.3
30.240455,-97.817713,0.1917,59,29.3
30.240455,-97.817713,0.1917,59,29.3
30.240455,-97.817713,0.1925,59,29.3
30.240455,-97.817713,0.1925,59,29.3
30.240455,-97.817713,0.1925,59,29.3
30.240455,-97.817713,0.1925,59,29.3
30.240455,-97.817713,0.1948,59,29.3
30.240455,-97.817713,0.1948,59,29.3
30.240455,-97.817713,0.1948,59,29.3
30.240455,-97.817713,0.1948,59,29.3
30.240455,-97.817713,0.1976,59,29.3
30.240455,-97.817713,0.1976,59,29.3
30.240455,-97.817713,0.1976,59,29.3
30.240455,-97.817713,0.1976,59,29.3
30.240455,-97.817713,0.1965,59,29.3
30.240455,-97.817713,0.1965,59,29.3
30.240455,-97.817713,0.1965,59,29.3
30.240455,-97.817713,0.1965,59,29.3
30.240455,-97.817713,0.1932,59,29.3
30.240455,-97.817713,0.1932,59,29.3
30.240455,-97.817713,0.1932,59,29.3
30.240455,-97.817713,0.1932,59,29.3
30.240455,-97.817713,0.1961,59,29.3
30.240455,-97.817713,0.1961,59,29.3
30.240455,-97.817713,0.1961,59,29.3
30.240455,-97.817713,0.1961,59,29.3
30.240455,-97.817713,0.1933,59,29.3
30.240455,-97.817713,0.1933,59,29.3
30.240455,-97.817713,0.1933,59,29.3
30.240455,-97.817713,0.1933,59,29.3
30.240455,-97.817713,0.1941,59,29.3
30.240455,-97.817713,0.1941,59,29.3
30.240455,-97.817713,0.1941,59,29.3
30.240455,-97.817713,0.1941,59,29.3
30.240455,-97.817713,0.1929,59,29.3
30.240455,-97.817713,0.1929,59,29.3
30.240455,-97.817713,0.1929,59,29.3
30.240455,-97.817713,0.1929,59,29.3
30.240455,-97.817713,0.1985,59,29.3
30.240455,-97.817713,0.1985,59,29.3
30.240455,-97.817713,0.1985,59,29.3
30.240455,-97.817713,0.1985,59,29.3
30.240455,-97.817713,0.1977,59,29.3
30.240455,-97.817713,0.1977,59,29.3
30.240455,-97.817713,0.1977,59,29.3
30.240455,-97.817713,0.1977,59,29.3
30.240455,-97.817713,0.1996,59,29.3
30.240455,-97.817713,0.1996,59,29.3
30.240455,-97.817713,0.1996,59,29.3
30.240455,-97.817713,0.1996,59,29.3
30.240455,-97.817713,0.1925,59,29.3
30.240455,-97.817713,0.1925,59,29.3
30.240455,-97.817713,0.1925,59,29.3
30.240455,-97.817713,0.1925,59,29.3
30.240455,-97.817713,0.1961,59,29.3
30.240455,-97.817713,0.1961,59,29.3
30.240455,-97.817713,0.1961,59,29.3
30.240455,-97.817713,0.1961,58,29.3
30.240455,-97.817713,0.1981,58,29.3
30.240455,-97.817713,0.1981,58,29.3
30.240455,-97.817713,0.1981,58,29.3
30.240455,-97.817713,0.1981,58,29.3
30.240455,-97.817713,0.1985,58,29.3
30.240455,-97.817713,0.1985,58,29.3
30.240455,-97.817713,0.1985,58,29.3
30.240455,-97.817713,0.1985,59,29.3
30.240455,-97.817713,0.1925,59,29.3
30.240455,-97.817713,0.1925,59,29.3
30.240455,-97.817713,0.1925,59,29.3
30.240455,-97.817713,0.1925,59,29.3
30.240455,-97.817713,0.1992,59,29.3
30.240455,-97.817713,0.1992,59,29.3
30.240455,-97.817713,0.1992,59,29.3
30.240455,-97.817713,0.1992,59,29.3
30.240455,-97.817713,0.1928,59,29.3
30.240455,-97.817713,0.1928,59,29.3
30.240455,-97.817713,0.1928,59,29.3
30.240455,-97.817713,0.1928,59,29.3
30.240455,-97.817713,0.1997,59,29.3
30.240455,-97.817713,0.1997,59,29.3
30.240455,-97.817713,0.1997,59,29.3
30.240455,-97.817713,0.1997,59,29.3
30.240455,-97.817713,0.1937,59,29.3
30.240455,-97.817713,0.1937,59,29.3
30.240455,-97.817713,0.1937,59,29.3
30.240455,-97.817713,0.1937,59,29.3
30.240455,-97.817713,0.1945,59,29.3
30.240455,-97.817713,0.1945,59,29.3
30.240455,-97.817713,0.1945,59,29.3
30.240455,-97.817713,0.1932,58,29.3
30.240455,-97.817713,0.1989,59,29.3
30.240455,-97.817713,0.1964,59,29.4
30.240455,-97.817713,0.1933,59,29.4
30.240455,-97.817713,0.1985,59,29.7
30.240455,-97.817713,0.1993,59,29.8
30.240455,-97.817713,0.1961,59,29.8
30.240455,-97.817713,0.192,58,29.8
30.240455,-97.817713,0.194,58,29.8
30.240455,-97.817713,0.194,58,29.8
30.240455,-97.817713,0.1933,58,29.8
30.240455,-97.817713,0.1933,58,29.8
30.240455,-97.817713,0.1933,58,29.8
30.240455,-97.817713,0.1933,58,29.8
30.240455,-97.817713,0.1985,58,29.8
30.240455,-97.817713,0.1985,58,29.8
30.240455,-97.817713,0.1985,58,29.8
30.240455,-97.817713,0.1985,58,29.8
30.240455,-97.817713,0.1948,58,29.8
30.240455,-97.817713,0.1948,58,29.8
30.240455,-97.817713,0.1948,58,29.8
30.240455,-97.817713,0.1948,58,29.8
30.240455,-97.817713,0.1956,58,29.8
30.240455,-97.817713,0.1956,58,29.8
30.240455,-97.817713,0.1956,58,29.8
30.240455,-97.817713,0.1956,58,29.8
30.240455,-97.817713,0.1937,58,29.8
30.240455,-97.817713,0.1937,58,29.8
30.240455,-97.817713,0.1937,58,29.8
30.240455,-97.817713,0.1937,58,29.8
30.240455,-97.817713,0.1933,58,29.8
30.240455,-97.817713,0.1933,58,29.8
30.240455,-97.817713,0.1933,58,29.8
30.240455,-97.817713,0.1933,58,29.8
30.240455,-97.817713,0.1988,58,29.8
30.240455,-97.817713,0.1988,58,29.8
30.240455,-97.817713,0.1988,58,29.8
30.240455,-97.817713,0.1948,58,29.8
30.240455,-97.817713,0.1984,58,29.8
30.240455,-97.817713,0.1984,58,29.8
30.240455,-97.817713,0.1972,58,29.8
30.240455,-97.817713,0.1972,58,29.8
30.240455,-97.817713,0.1972,58,29.8
30.240455,-97.817713,0.1972,58,29.8
30.240455,-97.817713,0.1952,58,29.8
30.240455,-97.817713,0.1952,58,29.8
30.240455,-97.817713,0.1952,58,29.8
30.240455,-97.817713,0.1981,58,-14.6
30.240455,-97.817713,0.1801,157,29.8
30.240455,-97.817713,0.1941,58,29.8
30.240455,-97.817713,0.1957,58,29.8
30.240455,-97.817713,0.1985,58,29.8
30.240455,-97.817713,0.1937,58,29.8
30.240455,-97.817713,0.1936,58,29.8
30.240455,-97.817713,0.1973,58,29.8
30.240455,-97.817713,0.2264,58,29.8
30.240455,-97.817713,0.1945,58,29.8
30.240455,-97.817713,0.1996,58,-14.6
30.240455,-97.817713,0.2012,157,29.8
30.240455,-97.817713,0.1993,58,30.2
30.240455,-97.817713,0.1949,57,30.2
30.240455,-97.817713,0.2013,57,15.1
30.240455,-97.817713,0.1997,168.8,30.2
30.240455,-97.817713,0.1933,57,30.2
30.240455,-97.817713,0.2017,57,30.2
30.240455,-97.817713,0.1949,57,30.2
30.240455,-97.817713,0.198,57,30.2
30.240455,-97.817713,0.1948,57,30.2
30.240455,-97.817713,0.1997,57,30.2
30.240455,-97.817713,0.1945,57,30.2
30.240455,-97.817713,0.2013,57,30.2
30.240455,-97.817713,0.1976,57,30.2
30.240455,-97.817713,0.2021,57,30.2
30.240455,-97.817713,0.1953,57,30.2
30.240455,-97.817713,0.1981,57,30.2
30.240455,-97.817713,0.194,57,30.2
30.240455,-97.817713,0.1932,57,30.2
30.240455,-97.817713,0.1988,57,30.2
30.240455,-97.817713,0.1952,57,30.2
30.240455,-97.817713,0.1996,57,30.2
30.240455,-97.817713,0.1936,57,30.2
30.240455,-97.817713,0.1997,57,30.2
30.240455,-97.817713,0.2029,57,30.2
30.240455,-97.817713,0.1965,57,30.2
30.240455,-97.817713,0.1965,57,30.2
30.240455,-97.817713,0.2008,57,30.2
30.240455,-97.817713,0.1952,57,30.2
30.240455,-97.817713,0.2013,57,30.2
30.240455,-97.817713,0.1992,57,30.2
30.240455,-97.817713,0.1953,57,30.2
30.240455,-97.817713,0.194,57,30.6
30.240455,-97.817713,0.1957,57,30.8
30.240455,-97.817713,0.1989,57,30.8
30.240455,-97.817713,0.1985,57,30.8
30.240455,-97.817713,0.1961,57,30.8
30.240455,-97.817713,0.194,57,30.8
30.240455,-97.817713,0.2012,57,30.8
30.240455,-97.817713,0.2548,68,27.1
30.240455,-97.817713,0.2565,68,27.1
30.240455,-97.817713,0.2529,68,27.1
30.240455,-97.817713,0.2541,68,27.1
30.240455,-97.817713,0.2584,68,27.1
30.240455,-97.817713,0.2553,68,27.1
30.240455,-97.817713,0.2644,68,27.1
30.240455,-97.817713,0.262,68,27.1
30.240455,-97.817713,0.2545,68,27.1
30.240455,-97.817713,0.2561,68,27.1
30.240455,-97.817713,0.2496,68,27.1
30.240455,-97.817713,0.2529,68,27.1
30.240455,-97.817713,0.2604,68,27.1
30.240455,-97.817713,0.2596,68,27.1
30.240455,-97.817713,0.254,68,27.1
30.240455,-97.817713,0.2309,68,27.1
30.240455,-97.817713,0.2064,68,27.6
30.240455,-97.817713,0.2064,68,27.6
30.240455,-97.817713,0.2064,68,27.6
30.240455,-97.817713,0.2064,68,27.6
30.240455,-97.817713,0.2077,68,27.6
30.240455,-97.817713,0.2077,68,27.6
30.240455,-97.817713,0.2077,68,27.6
30.240455,-97.817713,0.2077,69,27.6
30.240455,-97.817713,0.216,69,27.6
30.240455,-97.817713,0.216,69,27.6
30.240455,-97.817713,0.216,69,27.6
30.240455,-97.817713,0.216,69,27.6
30.240455,-97.817713,0.2109,69,27.6
30.240455,-97.817713,0.2109,69,27.6
30.240455,-97.817713,0.2109,69,27.6
30.240455,-97.817713,0.2109,69,27.6
30.240455,-97.817713,0.2129,69,27.6
30.240455,-97.817713,0.2129,69,27.6
30.240455,-97.817713,0.2129,69,27.6
30.240455,-97.817713,0.2129,69,27.6
30.240455,-97.817713,0.2232,69,27.6
30.240455,-97.817713,0.2232,69,27.6
30.240455,-97.817713,0.2232,69,27.6
30.240455,-97.817713,0.2004,72,26.3
30.240455,-97.817713,0.2033,73,26.2
30.240455,-97.817713,0.2077,73,26.2
30.240455,-97.817713,0.2077,73,26.2
30.240455,-97.817713,0.1977,73,26.2
30.240455,-97.817713,0.2037,73,26.2
30.240455,-97.817713,0.2077,73,26.2
30.240455,-97.817713,0.2121,73,26.2
30.240455,-97.817713,0.2216,71.00,24.50
30.240455,-97.817713,0.2217,72.00,24.50
30.240455,-97.817713,0.2129,72.00,24.50
30.240455,-97.817713,0.2257,72.00,24.50
30.240455,-97.817713,0.2161,72.00,24.50
30.240455,-97.817713,0.2141,72.00,24.50
30.240455,-97.817713,0.214,72.00,24.50
30.240455,-97.817713,0.2345,71.00,24.10
30.240455,-97.817713,0.2317,71.00,24.10
30.240455,-97.817713,0.2333,71.00,24.10
30.240455,-97.817713,0.2321,71.00,24.10
30.240455,-97.817713,0.2329,71.00,24.10
30.240455,-97.817713,0.2353,71.00,24.10
30.240455,-97.817713,0.2309,71.00,24.10
30.240455,-97.817713,0.232,71.00,24.20
30.240455,-97.817713,0.2333,71.00,24.40
30.240455,-97.817713,0.2293,71.00,24.50
30.240455,-97.817713,0.2317,71.00,24.50
30.240455,-97.817713,0.2308,71.00,24.50
30.240455,-97.817713,0.2308,71.00,24.50
30.240455,-97.817713,0.2348,71.00,24.50
30.240455,-97.817713,0.2369,71.00,24.50
30.240455,-97.817713,0.2336,71.00,24.50
30.240455,-97.817713,0.2392,71.00,24.50
30.240455,-97.817713,0.2268,71.00,24.50
30.240455,-97.817713,0.2333,71.00,24.50
30.240455,-97.817713,0.2341,71.00,24.50
30.240455,-97.817713,0.2336,71.00,24.50
30.240455,-97.817713,0.2337,71.00,24.50
30.240455,-97.817713,0.2288,71.00,24.50
30.240455,-97.817713,0.2325,71.00,24.50
30.240455,-97.817713,0.2325,71.00,24.50
30.240455,-97.817713,0.1933,71.00,24.50
30.240455,-97.817713,0.1933,71.00,24.50
30.240455,-97.817713,0.1933,71.00,24.50
30.240455,-97.817713,0.1948,71.00,24.50
30.240455,-97.817713,0.1948,71.00,24.50
30.240455,-97.817713,0.1948,71.00,24.50
30.240455,-97.817713,0.1948,71.00,24.50
30.240455,-97.817713,0.204,71.00,24.50
30.240455,-97.817713,0.204,71.00,24.50
30.240455,-97.817713,0.204,71.00,24.50
30.240455,-97.817713,0.204,71.00,24.50
30.240455,-97.817713,0.1868,71.00,24.50
30.240455,-97.817713,0.1868,71.00,24.50
30.240455,-97.817713,0.1868,71.00,24.50
30.240455,-97.817713,0.1957,71.00,24.50
30.240455,-97.817713,0.1909,71.00,24.50
30.240455,-97.817713,0.1968,71.00,24.50
30.240455,-97.817713,0.1905,71.00,24.50
30.240455,-97.817713,0.1945,71.00,24.50
30.240455,-97.817713,0.1941,71.00,24.50
30.240455,-97.817713,0.1901,71.00,24.50
30.240455,-97.817713,0.1909,71.00,24.50
30.240455,-97.817713,0.1913,71.00,24.50
30.240455,-97.817713,0.1872,71.00,24.50
30.240455,-97.817713,0.1925,71.00,24.50
30.240455,-97.817713,0.2012,71.00,24.50
30.240455,-97.817713,0.1961,71.00,24.50
30.240455,-97.817713,0.1945,71.00,24.50
30.240455,-97.817713,0.194,71.00,24.50
30.240455,-97.817713,0.1916,71.00,24.50
30.240455,-97.817713,0.1965,71.00,24.50
30.240455,-97.817713,0.224,71.00,24.50
30.240455,-97.817713,0.2076,71.00,24.50
30.240455,-97.817713,0.2141,71.00,24.50
30.240455,-97.817713,0.1848,71.00,24.50
30.240455,-97.817713,0.1901,69.00,24.50
30.240455,-97.817713,0.1925,69.00,24.50
30.240455,-97.817713,0.1916,69.00,24.50
30.240455,-97.817713,0.1932,69.00,24.50
30.240455,-97.817713,0.1909,69.00,24.50
30.240455,-97.817713,0.1889,69.00,24.50
30.240455,-97.817713,0.1917,69.00,24.50
30.240455,-97.817713,0.1928,69.00,24.50
30.240455,-97.817713,0.1972,69.00,24.50
30.240455,-97.817713,0.1928,69.00,24.50
30.240455,-97.817713,0.1977,69.00,24.50
30.240455,-97.817713,0.1949,69.00,24.50
30.240455,-97.817713,0.2321,69.00,24.50
30.240455,-97.817713,0.1993,69.00,24.50
30.240455,-97.817713,0.2193,69.00,24.50
30.240455,-97.817713,0.2297,69.00,24.50
30.240455,-97.817713,0.2217,69.00,24.50
30.240455,-97.817713,0.2209,69.00,24.50
30.240455,-97.817713,0.2152,69.00,24.50
30.240455,-97.817713,0.2244,69.00,24.50
30.240455,-97.817713,0.2305,69.00,24.50
30.240455,-97.817713,0.2309,69.00,24.50
30.240455,-97.817713,0.2269,69.00,24.50
30.240455,-97.817713,0.2133,69.00,24.50
30.240455,-97.817713,0.2229,69.00,24.50
30.240455,-97.817713,0.2136,69.00,24.50
30.240455,-97.817713,0.2237,69.00,24.20
30.240455,-97.817713,0.2136,69.00,24.10
30.240455,-97.817713,0.2289,69.00,24.10
30.240455,-97.817713,0.2197,69.00,24.10
30.240455,-97.817713,0.2237,69.00,24.10
30.240455,-97.817713,0.2241,69.00,24.10
30.240455,-97.817713,0.2229,69.00,24.10
30.240455,-97.817713,0.22,69.00,24.10
30.240455,-97.817713,0.2257,69.00,24.10
30.240455,-97.817713,0.2125,69.00,24.10
30.240455,-97.817713,0.2237,69.00,24.10
30.240455,-97.817713,0.2312,69.00,24.10
30.240455,-97.817713,0.2224,69.00,24.10
30.240455,-97.817713,0.2208,69.00,24.10
30.240455,-97.817713,0.2141,69.00,24.10
30.240455,-97.817713,0.23,69.00,24.10
30.240455,-97.817713,0.2205,69.00,24.10
30.240455,-97.817713,0.2221,69.00,24.10
30.240455,-97.817713,0.2229,69.00,24.10
30.240455,-97.817713,0.2244,69.00,24.10
30.240455,-97.817713,0.2325,69.00,24.10
30.240455,-97.817713,0.2324,69.00,24.10
30.240455,-97.817713,0.2144,69.00,24.10
30.240455,-97.817713,0.2197,69.00,24.10
30.240455,-97.817713,0.2264,69.00,24.10
30.240455,-97.817713,0.2261,69.00,24.10
30.240455,-97.817713,0.2253,69.00,24.10
30.240455,-97.817713,0.2261,69.00,24.10
30.240455,-97.817713,0.2208,69.00,24.10
30.240455,-97.817713,0.23,69.00,24.10
30.240455,-97.817713,0.2224,69.00,24.10
30.240455,-97.817713,0.2212,69.00,24.10
30.240455,-97.817713,0.2269,69.00,24.10
30.240455,-97.817713,0.2253,69.00,24.10
30.240455,-97.817713,0.2233,69.00,24.10
30.240455,-97.817713,0.2293,69.00,24.10
30.240455,-97.817713,0.2201,69.00,24.10
30.240455,-97.817713,0.224,69.00,24.10
30.240455,-97.817713,0.2224,69.00,24.10
30.240455,-97.817713,0.2253,69.00,24.10
30.240455,-97.817713,0.22,69.00,24.30
30.240455,-97.817713,0.2321,69.00,24.50
30.240455,-97.817713,0.2328,69.00,24.50
30.240455,-97.817713,0.2161,69.00,24.50
30.240455,-97.817713,0.2313,69.00,24.50
30.240455,-97.817713,0.2289,69.00,24.50
30.240455,-97.817713,0.2145,69.00,24.50
30.240455,-97.817713,0.2212,69.00,24.50
30.240455,-97.817713,0.2216,69.00,24.50
30.240455,-97.817713,0.2233,69.00,24.50
30.240455,-97.817713,0.2305,69.00,24.50
30.240455,-97.817713,0.228,69.00,24.50
30.240455,-97.817713,0.2329,69.00,24.50
30.240455,-97.817713,0.22,69.00,24.50
30.240455,-97.817713,0.2149,69.00,24.50
30.240455,-97.817713,0.2253,69.00,24.50
30.240455,-97.817713,0.2264,69.00,24.50
30.240455,-97.817713,0.2253,69.00,24.50
30.240455,-97.817713,0.2272,69.00,24.50
30.240455,-97.817713,0.2268,69.00,24.50
30.240455,-97.817713,0.2281,69.00,24.50
30.240455,-97.817713,0.2273,69.00,24.50
30.240455,-97.817713,0.2225,69.00,24.50
30.240455,-97.817713,0.2224,69.00,24.50
30.240455,-97.817713,0.2141,69.00,24.50
30.240455,-97.817713,0.2272,69.00,24.50
30.240455,-97.817713,0.2301,69.00,24.50
30.240455,-97.817713,0.2197,70.00,24.50
30.240455,-97.817713,0.2368,70.00,24.50
30.240455,-97.817713,0.2201,70.00,24.50
30.240455,-97.817713,0.2177,70.00,24.50
30.240455,-97.817713,0.2225,69.00,24.50
30.240455,-97.817713,0.2228,69.00,24.50
30.240455,-97.817713,0.2185,69.00,24.50
30.240455,-97.817713,0.224,69.00,24.50
30.240455,-97.817713,0.2237,69.00,24.50
30.240455,-97.817713,0.2133,69.00,24.50
30.240455,-97.817713,0.224,69.00,24.50
30.240455,-97.817713,0.2156,69.00,24.50
30.240455,-97.817713,0.2245,69.00,24.50
30.240455,-97.817713,0.2317,69.00,24.50
30.240455,-97.817713,0.23,71.00,25.80
30.240455,-97.817713,0.2013,71.00,25.80
30.240455,-97.817713,0.1996,71.00,25.80
30.240455,-97.817713,0.1972,71.00,25.80
30.240455,-97.817713,0.2276,72.00,25.80
30.240455,-97.817713,0.2193,72.00,25.80
30.240455,-97.817713,0.2245,72.00,25.80
30.240455,-97.817713,0.23,72.00,25.80
30.240455,-97.817713,0.2273,72.00,25.80
30.240455,-97.817713,0.2357,71.00,25.80
30.240455,-97.817713,0.2264,71.00,25.80
30.240455,-97.817713,0.2309,71.00,25.80
30.240455,-97.817713,0.2333,71.00,25.80
30.240455,-97.817713,0.2313,71.00,25.80
30.240455,-97.817713,0.2149,71.00,25.80
30.240455,-97.817713,0.2109,71.00,25.80
30.240455,-97.817713,0.2221,71.00,25.80
30.240455,-97.817713,0.2225,71.00,25.80
30.240455,-97.817713,0.224,71.00,25.80
30.240455,-97.817713,0.2121,71.00,25.80
30.240455,-97.817713,0.1933,71.00,25.80
30.240455,-97.817713,0.1989,71.00,25.80
30.240455,-97.817713,0.2021,71.00,25.80
30.240455,-97.817713,0.2009,71.00,25.80
30.240455,-97.817713,0.2045,71.00,25.80
30.240455,-97.817713,0.2149,71.00,25.80
30.240455,-97.817713,0.2185,71.00,25.80
30.240455,-97.817713,0.2225,70.00,25.80
30.240455,-97.817713,0.2197,70.00,25.80
30.240455,-97.817713,0.2224,70.00,25.80
30.240455,-97.817713,0.2289,70.00,25.60
30.240455,-97.817713,0.2029,70.00,25.30
30.240455,-97.817713,0.2221,70.00,25.30
30.240455,-97.817713,0.2133,70.00,25.30
30.240455,-97.817713,0.2104,70.00,25.30
30.240455,-97.817713,0.2269,70.00,25.30
30.240455,-97.817713,0.2205,70.00,25.30
30.240455,-97.817713,0.2401,70.00,25.30
30.240455,-97.817713,0.2349,70.00,25.30
30.240455,-97.817713,0.25,70.00,25.30
30.240455,-97.817713,0.2237,70.00,25.30
30.240455,-97.817713,0.2348,70.00,25.30
30.240455,-97.817713,0.2205,70.00,25.30
30.240455,-97.817713,0.2193,69.00,25.30
30.240455,-97.817713,0.2205,69.00,25.30
30.240455,-97.817713,0.2349,69.00,25.30
30.240455,-97.817713,0.2296,69.00,25.30
30.240455,-97.817713,0.2305,69.00,25.30
30.240455,-97.817713,0.2168,69.00,25.30
30.240455,-97.817713,0.224,69.00,25.30
30.240455,-97.817713,0.2265,69.00,25.30
30.240455,-97.817713,0.2269,69.00,25.30
30.240455,-97.817713,0.2333,69.00,25.30
30.240455,-97.817713,0.2213,69.00,25.30
30.240455,-97.817713,0.2252,69.00,25.30
30.240455,-97.817713,0.2429,69.00,25.00
30.240455,-97.817713,0.2292,69.00,24.80
30.240455,-97.817713,0.2417,69.00,24.80
30.240455,-97.817713,0.2453,69.00,24.80
30.240455,-97.817713,0.2328,69.00,24.80
30.240455,-97.817713,0.2289,69.00,24.80
30.240455,-97.817713,0.2365,69.00,24.80
30.240455,-97.817713,0.2313,69.00,24.80
30.240455,-97.817713,0.2293,69.00,24.80
30.240455,-97.817713,0.2277,69.00,24.80
30.240455,-97.817713,0.2181,69.00,24.80
30.240455,-97.817713,0.2333,69.00,24.80
30.240455,-97.817713,0.218,69.00,24.80
30.240455,-97.817713,0.2229,69.00,24.80
30.240455,-97.817713,0.2293,69.00,24.80
30.240455,-97.817713,0.2172,69.00,24.80
30.240455,-97.817713,0.2225,69.00,24.80
30.240455,-97.817713,0.2312,69.00,24.80
30.240455,-97.817713,0.2293,69.00,24.80
30.240455,-97.817713,0.2313,69.00,24.80
30.240455,-97.817713,0.2325,69.00,24.80
30.240455,-97.817713,0.2613,70.00,23.80
30.240455,-97.817713,0.2613,70.00,23.80
30.240455,-97.817713,0.2613,70.00,23.80
30.240455,-97.817713,0.2456,70.00,23.80
30.240455,-97.817713,0.2456,70.00,23.80
30.240455,-97.817713,0.2456,70.00,23.80
30.240455,-97.817713,0.2456,70.00,23.80
30.240455,-97.817713,0.2564,70.00,23.80
30.240455,-97.817713,0.2564,70.00,23.80
30.240455,-97.817713,0.2564,70.00,23.80
30.240455,-97.817713,0.2564,70.00,23.80
30.240455,-97.817713,0.2524,70.00,23.80
30.240455,-97.817713,0.2524,70.00,23.80
30.240455,-97.817713,0.2524,70.00,24.00
30.240455,-97.817713,0.2524,70.00,24.00
30.240455,-97.817713,0.2445,70.00,24.00
30.240455,-97.817713,0.2445,70.00,24.00
30.240455,-97.817713,0.2445,70.00,24.10
30.240455,-97.817713,0.2533,70.00,24.10
30.240455,-97.817713,0.2497,70.00,24.10
30.240455,-97.817713,0.2513,70.00,24.10
30.240455,-97.817713,0.2525,70.00,24.10
30.240455,-97.817713,0.2337,70.00,24.10
30.240455,-97.817713,0.2301,70.00,24.10
30.240455,-97.817713,0.2333,70.00,24.10
30.240455,-97.817713,0.2341,70.00,24.10
30.240455,-97.817713,0.222,70.00,24.10
30.240455,-97.817713,0.2373,70.00,24.10
30.240455,-97.817713,0.2401,70.00,24.10
30.240455,-97.817713,0.2321,70.00,24.10
30.240455,-97.817713,0.2281,70.00,24.10
30.240455,-97.817713,0.2317,70.00,24.10
30.240455,-97.817713,0.2372,70.00,24.10
30.240455,-97.817713,0.2545,70.00,24.10
30.240455,-97.817713,0.238,70.00,24.10
30.240455,-97.817713,0.246,70.00,24.10
30.240455,-97.817713,0.2365,70.00,24.10
30.240455,-97.817713,0.2396,70.00,24.10
30.240455,-97.817713,0.2373,70.00,24.10
30.240455,-97.817713,0.2501,69.00,24.10
30.240455,-97.817713,0.2469,69.00,24.10
30.240455,-97.817713,0.2444,69.00,24.20
30.240455,-97.817713,0.2381,69.00,24.30
30.240455,-97.817713,0.2377,69.00,24.50
30.240455,-97.817713,0.2417,69.00,24.50
30.240455,-97.817713,0.2408,69.00,24.50
30.240455,-97.817713,0.2389,69.00,24.50
30.240455,-97.817713,0.2284,69.00,24.50
30.240455,-97.817713,0.2412,69.00,24.50
30.240455,-97.817713,0.2381,69.00,24.50
30.240455,-97.817713,0.2521,69.00,24.50
30.240455,-97.817713,0.24,69.00,24.50
30.240455,-97.817713,0.2393,69.00,24.50
30.240455,-97.817713,0.2348,69.00,24.50
30.240455,-97.817713,0.2453,69.00,24.50
30.240455,-97.817713,0.2269,69.00,24.50
30.240455,-97.817713,0.2456,69.00,24.50
30.240455,-97.817713,0.2281,69.00,24.50
30.240455,-97.817713,0.2441,69.00,24.50
30.240455,-97.817713,0.246,69.00,24.50
30.240455,-97.817713,0.2357,69.00,24.50
30.240455,-97.817713,0.2393,69.00,24.50
30.240455,-97.817713,0.2421,69.00,24.50
30.240455,-97.817713,0.2392,69.00,24.50
30.240455,-97.817713,0.2417,69.00,24.50
30.240455,-97.817713,0.2317,69.00,24.50
30.240455,-97.817713,0.2445,69.00,24.50
30.240455,-97.817713,0.2076,70.00,24.80
30.240455,-97.817713,0.2032,71.00,24.80
30.240455,-97.817713,0.2024,71.00,24.80
30.240455,-97.817713,0.2089,70.00,24.80
30.240455,-97.817713,0.2068,70.00,24.80
30.240455,-97.817713,0.2209,69.00,24.80
30.240455,-97.817713,0.2036,69.00,24.80
30.240455,-97.817713,0.2029,69.00,24.80
30.240455,-97.817713,0.1993,69.00,24.80
30.240455,-97.817713,0.202,69.00,24.80
30.240455,-97.817713,0.1989,69.00,24.80
30.240455,-97.817713,0.1961,69.00,24.80
30.240455,-97.817713,0.204,69.00,24.80
30.240455,-97.817713,0.2012,68.00,24.80
30.240455,-97.817713,0.1992,68.00,24.80
30.240455,-97.817713,0.2077,68.00,24.80
30.240455,-97.817713,0.1956,68.00,24.80
30.240455,-97.817713,0.1988,68.00,24.80
30.240455,-97.817713,0.1977,68.00,24.80
30.240455,-97.817713,0.2001,68.00,24.80
30.240455,-97.817713,0.1972,68.00,24.80
30.240455,-97.817713,0.2008,68.00,24.80
30.240455,-97.817713,0.1993,68.00,24.80
30.240455,-97.817713,0.2013,68.00,24.80
30.240455,-97.817713,0.2077,69.00,24.80
30.240455,-97.817713,0.2077,69.00,24.80
30.240455,-97.817713,0.1973,69.00,24.80
30.240455,-97.817713,0.2033,69.00,24.80
30.240455,-97.817713,0.2044,69.00,24.80
30.240455,-97.817713,0.2016,69.00,24.80
30.240455,-97.817713,0.2024,69.00,24.80
30.240455,-97.817713,0.2101,69.00,24.80
30.240455,-97.817713,0.2009,69.00,24.80
30.240455,-97.817713,0.2036,68.00,24.80
30.240455,-97.817713,0.2013,68.00,24.80
30.240455,-97.817713,0.2097,68.00,24.80
30.240455,-97.817713,0.2001,68.00,24.80
30.240455,-97.817713,0.2072,68.00,24.80
30.240455,-97.817713,0.2021,69.00,24.80
30.240455,-97.817713,0.1997,69.00,24.80
30.240455,-97.817713,0.1981,68.00,24.80
30.240455,-97.817713,0.2013,68.00,24.80
30.240455,-97.817713,0.1961,68.00,24.80
30.240455,-97.817713,0.1992,68.00,24.80
30.240455,-97.817713,0.1977,68.00,24.80
30.240455,-97.817713,0.2013,68.00,24.80
30.240455,-97.817713,0.1989,68.00,24.80
30.240455,-97.817713,0.2033,68.00,24.80
30.240455,-97.817713,0.2017,68.00,24.80
30.240455,-97.817713,0.1989,68.00,24.80
30.240455,-97.817713,0.1997,68.00,24.80
30.240455,-97.817713,0.1933,68.00,24.80
30.240455,-97.817713,0.204,68.00,24.80
30.240455,-97.817713,0.2033,68.00,24.80
30.240455,-97.817713,0.1997,68.00,24.80
30.240455,-97.817713,0.2028,68.00,24.80
30.240455,-97.817713,0.1973,68.00,24.80
30.240455,-97.817713,0.2009,68.00,24.80
30.240455,-97.817713,0.1985,68.00,24.80
30.240455,-97.817713,0.2041,68.00,24.80
30.240455,-97.817713,0.1996,68.00,24.80
30.240455,-97.817713,0.1936,68.00,24.80
30.240455,-97.817713,0.2045,68.00,24.80
30.240455,-97.817713,0.2097,68.00,24.80
30.240455,-97.817713,0.2109,68.00,24.80
30.240455,-97.817713,0.2009,68.00,24.80
30.240455,-97.817713,0.2013,68.00,24.80
30.240455,-97.817713,0.2033,68.00,24.80
30.240455,-97.817713,0.2089,68.00,24.80
30.240455,-97.817713,0.2116,68.00,24.80
30.240455,-97.817713,0.2045,68.00,24.80
30.240455,-97.817713,0.2145,68.00,24.80
30.240455,-97.817713,0.212,68.00,24.80
30.240455,-97.817713,0.2148,68.00,24.80
30.240455,-97.817713,0.2017,68.00,24.80
30.240455,-97.817713,0.2044,68.00,24.80
30.240455,-97.817713,0.2093,68.00,24.80
30.240455,-97.817713,0.2092,68.00,24.80
30.240455,-97.817713,0.2164,68.00,24.80
30.240455,-97.817713,0.2121,68.00,24.80
30.240455,-97.817713,0.2125,68.00,24.80
30.240455,-97.817713,0.2205,68.00,24.80
30.240455,-97.817713,0.2124,68.00,24.80
30.240455,-97.817713,0.2124,68.00,24.80
30.240455,-97.817713,0.2104,68.00,24.80
30.240455,-97.817713,0.2181,68.00,24.80
30.240455,-97.817713,0.2101,68.00,24.80
30.240455,-97.817713,0.2165,68.00,24.80
30.240455,-97.817713,0.2109,68.00,24.80
30.240455,-97.817713,0.2153,68.00,24.80
30.240455,-97.817713,0.2184,68.00,24.80
30.240455,-97.817713,0.22,68.00,24.80
30.240455,-97.817713,0.22,69.00,24.80
30.240455,-97.817713,0.2173,69.00,24.80
30.240455,-97.817713,0.2197,69.00,24.80
30.240455,-97.817713,0.2113,68.00,24.80
30.240455,-97.817713,0.2384,68.00,24.80
30.240455,-97.817713,0.216,69.00,24.80
30.240455,-97.817713,0.2185,69.00,24.80
30.240455,-97.817713,0.2216,69.00,24.90
30.240455,-97.817713,0.2148,69.00,25.30
30.240455,-97.817713,0.2176,69.00,25.30
30.240455,-97.817713,0.2145,69.00,25.30
30.240455,-97.817713,0.2249,69.00,25.30
30.240455,-97.817713,0.2141,69.00,25.30
30.240455,-97.817713,0.2209,68.00,25.30
30.240455,-97.817713,0.2248,68.00,25.30
30.240455,-97.817713,0.2181,68.00,25.30
30.240455,-97.817713,0.2245,68.00,25.30
30.240455,-97.817713,0.2225,68.00,25.30
30.240455,-97.817713,0.2153,68.00,25.30
30.240455,-97.817713,0.2217,68.00,25.30
30.240455,-97.817713,0.2141,68.00,25.30
30.240455,-97.817713,0.2068,68.00,25.30
30.240455,-97.817713,0.22,68.00,25.30
30.240455,-97.817713,0.2161,68.00,25.30
30.240455,-97.817713,0.2176,68.00,25.30
30.240455,-97.817713,0.2277,68.00,25.30
30.240455,-97.817713,0.2176,68.00,25.30
30.240455,-97.817713,0.2237,68.00,25.30
30.240455,-97.817713,0.2204,68.00,25.30
30.240455,-97.817713,0.2156,68.00,25.30
30.240455,-97.817713,0.2237,69.00,25.30
30.240455,-97.817713,0.2189,69.00,25.30
30.240455,-97.817713,0.2112,69.00,25.30
30.240455,-97.817713,0.2109,69.00,25.30
30.240455,-97.817713,0.2176,69.00,25.30
30.240455,-97.817713,0.2173,69.00,25.30
30.240455,-97.817713,0.2281,69.00,25.30
30.240455,-97.817713,0.2117,69.00,25.30
30.240455,-97.817713,0.2213,69.00,25.30
30.240455,-97.817713,0.2229,69.00,25.30
30.240455,-97.817713,0.2145,69.00,25.30
30.240455,-97.817713,0.2136,69.00,25.30
30.240455,-97.817713,0.2196,69.00,25.30
30.240455,-97.817713,0.2265,69.00,25.30
30.240455,-97.817713,0.2225,69.00,25.30
30.240455,-97.817713,0.2365,69.00,25.30
30.240455,-97.817713,0.2205,69.00,25.30
30.240455,-97.817713,0.2253,69.00,25.30
30.240455,-97.817713,0.23,69.00,25.30
30.240455,-97.817713,0.2281,69.00,25.30
30.240455,-97.817713,0.2289,69.00,25.30
30.240455,-97.817713,0.2193,69.00,25.30
30.240455,-97.817713,0.2213,69.00,25.30
30.240455,-97.817713,0.2216,69.00,25.30
30.240455,-97.817713,0.2241,69.00,25.30
30.240455,-97.817713,0.2181,69.00,25.30
30.240455,-97.817713,0.2157,69.00,25.30
30.240455,-97.817713,0.2205,69.00,25.30
30.240455,-97.817713,0.228,69.00,25.30
30.240455,-97.817713,0.2285,69.00,25.40
30.240455,-97.817713,0.2209,69.00,25.80
30.240455,-97.817713,0.2285,69.00,25.80
30.240455,-97.817713,0.2137,69.00,25.80
30.240455,-97.817713,0.2241,69.00,25.80
30.240455,-97.817713,0.2217,69.00,25.80
30.240455,-97.817713,0.2261,69.00,25.80
30.240455,-97.817713,0.2221,69.00,25.80
30.240455,-97.817713,0.2248,69.00,25.80
30.240455,-97.817713,0.2153,69.00,25.80
30.240455,-97.817713,0.2208,69.00,25.80
30.240455,-97.817713,0.2212,69.00,25.80
30.240455,-97.817713,0.2189,69.00,25.80
30.240455,-97.817713,0.2276,69.00,25.80
30.240455,-97.817713,0.2149,69.00,25.80
30.240455,-97.817713,0.2244,69.00,25.80
30.240455,-97.817713,0.2277,69.00,25.80
30.240455,-97.817713,0.2021,69.00,25.80
30.240455,-97.817713,0.2232,69.00,25.80
30.240455,-97.817713,0.2233,69.00,25.80
30.240455,-97.817713,0.2273,69.00,25.80
30.240455,-97.817713,0.2244,69.00,25.80
30.240455,-97.817713,0.2216,69.00,25.80
30.240455,-97.817713,0.2293,69.00,25.80
30.240455,-97.817713,0.2209,69.00,25.80
30.240455,-97.817713,0.2204,69.00,25.80
30.240455,-97.817713,0.2277,69.00,25.80
30.240455,-97.817713,0.2233,69.00,25.80
30.240455,-97.817713,0.2237,69.00,25.80
30.240455,-97.817713,0.2173,68.00,25.80
30.240455,-97.817713,0.2244,68.00,25.80
30.240455,-97.817713,0.22,68.00,25.80
30.240455,-97.817713,0.2264,68.00,25.80
30.240455,-97.817713,0.2301,68.00,25.80
30.240455,-97.817713,0.2284,68.00,25.80
30.240455,-97.817713,0.2201,68.00,25.80
30.240455,-97.817713,0.2213,68.00,25.80
30.240455,-97.817713,0.2213,68.00,25.80
30.240455,-97.817713,0.2189,68.00,25.80
30.240455,-97.817713,0.2161,68.00,25.80
30.240455,-97.817713,0.2208,68.00,25.80
30.240455,-97.817713,0.2301,68.00,25.80
30.240455,-97.817713,0.2249,68.00,25.80
30.240455,-97.817713,0.228,68.00,25.80
30.240455,-97.817713,0.2273,68.00,25.80
30.240455,-97.817713,0.2269,68.00,25.80
30.240455,-97.817713,0.2249,68.00,25.80
30.240455,-97.817713,0.2241,68.00,25.80
30.240455,-97.817713,0.218,68.00,25.80
30.240455,-97.817713,0.2225,68.00,25.80
30.240455,-97.817713,0.2229,68.00,25.80
30.240455,-97.817713,0.2232,68.00,25.80
30.240455,-97.817713,0.2177,68.00,25.80
30.240455,-97.817713,0.2161,68.00,25.80
30.240455,-97.817713,0.2301,68.00,25.80
30.240455,-97.817713,0.2269,68.00,25.80
30.240455,-97.817713,0.2229,69.00,25.80
30.240455,-97.817713,0.2241,69.00,25.80
30.240455,-97.817713,0.2201,69.00,25.80
30.240455,-97.817713,0.2236,69.00,25.80
30.240455,-97.817713,0.224,69.00,25.80
30.240455,-97.817713,0.2293,69.00,25.80
30.240455,-97.817713,0.2289,69.00,25.80
30.240455,-97.817713,0.2296,69.00,25.80
30.240455,-97.817713,0.2245,69.00,25.80
30.240455,-97.817713,0.2165,69.00,25.80
30.240455,-97.817713,0.2208,69.00,25.80
30.240455,-97.817713,0.2232,69.00,25.80
30.240455,-97.817713,0.2193,69.00,25.80
30.240455,-97.817713,0.2205,69.00,25.80
30.240455,-97.817713,0.2153,69.00,25.80
30.240455,-97.817713,0.2141,69.00,25.80
30.240455,-97.817713,0.2184,69.00,25.80
30.240455,-97.817713,0.2312,69.00,25.80
30.240455,-97.817713,0.2229,69.00,25.80
30.240455,-97.817713,0.2284,69.00,25.80
30.240455,-97.817713,0.2285,69.00,25.80
30.240455,-97.817713,0.2221,69.00,25.80
30.240455,-97.817713,0.2269,69.00,25.80
30.240455,-97.817713,0.2173,69.00,25.80
30.240455,-97.817713,0.228,69.00,25.80
30.240455,-97.817713,0.2309,69.00,25.80
30.240455,-97.817713,0.234,68.00,25.80
30.240455,-97.817713,0.2228,68.00,25.80
30.240455,-97.817713,0.2265,69.00,25.80
30.240455,-97.817713,0.2244,69.00,25.80
30.240455,-97.817713,0.2284,69.00,25.80
30.240455,-97.817713,0.2264,69.00,25.80
30.240455,-97.817713,0.2257,69.00,25.80
30.240455,-97.817713,0.2285,69.00,25.80
30.240455,-97.817713,0.2321,69.00,25.80
30.240455,-97.817713,0.2293,69.00,25.80
30.240455,-97.817713,0.2169,69.00,25.80
30.240455,-97.817713,0.2265,69.00,25.80
30.240455,-97.817713,0.2213,69.00,25.80
30.240455,-97.817713,0.224,69.00,25.80
30.240455,-97.817713,0.2229,69.00,25.80
30.240455,-97.817713,0.2249,69.00,25.80
30.240455,-97.817713,0.2173,69.00,25.80
30.240455,-97.817713,0.2268,69.00,25.80
30.240455,-97.817713,0.2276,69.00,25.80
30.240455,-97.817713,0.2245,69.00,25.80
30.240455,-97.817713,0.2249,69.00,25.80
30.240455,-97.817713,0.2364,69.00,25.80
30.240455,-97.817713,0.2225,69.00,25.80
30.240455,-97.817713,0.2276,69.00,25.80
30.240455,-97.817713,0.2284,69.00,25.80
30.240455,-97.817713,0.2285,69.00,25.80
30.240455,-97.817713,0.2293,69.00,25.80
30.240455,-97.817713,0.2173,69.00,25.80
30.240455,-97.817713,0.2245,69.00,25.80
30.240455,-97.817713,0.2176,69.00,25.80
30.240455,-97.817713,0.218,69.00,25.80
30.240455,-97.817713,0.2145,69.00,25.80
30.240455,-97.817713,0.218,69.00,25.80
30.240455,-97.817713,0.2233,69.00,25.80
30.240455,-97.817713,0.2176,69.00,25.80
30.240455,-97.817713,0.222,69.00,25.80
30.240455,-97.817713,0.2172,69.00,25.80
30.240455,-97.817713,0.2112,69.00,25.80
30.240455,-97.817713,0.2185,69.00,25.90
30.240455,-97.817713,0.2221,69.00,26.00
30.240455,-97.817713,0.2221,69.00,25.90
30.240455,-97.817713,0.2113,69.00,26.00
30.240455,-97.817713,0.2209,69.00,26.10
30.240455,-97.817713,0.2169,69.00,26.00
30.240455,-97.817713,0.2208,69.00,25.90
30.240455,-97.817713,0.2213,69.00,25.80
30.240455,-97.817713,0.2205,69.00,25.80
30.240455,-97.817713,0.2201,69.00,25.80
30.240455,-97.817713,0.2229,69.00,25.80
30.240455,-97.817713,0.2217,69.00,25.80
30.240455,-97.817713,0.2233,69.00,25.80
30.240455,-97.817713,0.2224,69.00,25.80
30.240455,-97.817713,0.2208,69.00,25.80
30.240455,-97.817713,0.2249,69.00,25.80
30.240455,-97.817713,0.2241,69.00,25.80
30.240455,-97.817713,0.2229,69.00,25.80
30.240455,-97.817713,0.2196,69.00,25.80
30.240455,-97.817713,0.2241,69.00,25.80
30.240455,-97.817713,0.2193,69.00,25.80
30.240455,-97.817713,0.2197,69.00,25.80
30.240455,-97.817713,0.2205,69.00,25.80
30.240455,-97.817713,0.2221,69.00,25.80
30.240455,-97.817713,0.2185,69.00,25.80
30.240455,-97.817713,0.2124,70.00,25.80
30.240455,-97.817713,0.2205,163.00,-12.60
30.240455,-97.817713,0.2176,70.00,25.80
30.240455,-97.817713,0.2205,70.00,26.20
30.240455,-97.817713,0.2137,70.00,26.20
30.240455,-97.817713,0.2129,70.00,26.20
30.240455,-97.817713,0.2257,70.00,26.20
30.240455,-97.817713,0.2248,70.00,26.20
30.240455,-97.817713,0.2265,70.00,26.20
30.240455,-97.817713,0.222,70.00,26.20
30.240455,-97.817713,0.2136,69.00,26.20
30.240455,-97.817713,0.222,69.00,26.20
30.240455,-97.817713,0.1989,70.00,26.20
30.240455,-97.817713,0.2217,70.00,26.20
30.240455,-97.817713,0.2217,69.00,26.20
30.240455,-97.817713,0.2216,69.00,26.20
30.240455,-97.817713,0.2269,70.00,26.20
30.240455,-97.817713,0.2245,70.00,26.20
30.240455,-97.817713,0.2216,70.00,26.20
30.240455,-97.817713,0.2181,70.00,26.20
30.240455,-97.817713,0.2217,70.00,26.20
30.240455,-97.817713,0.2241,69.00,26.20
30.240455,-97.817713,0.2232,69.00,26.20
30.240455,-97.817713,0.2288,69.00,26.20
30.240455,-97.817713,0.2236,69.00,26.20
30.240455,-97.817713,0.2208,69.00,26.20
30.240455,-97.817713,0.222,69.00,26.20
30.240455,-97.817713,0.2261,69.00,26.20
30.240455,-97.817713,0.2144,69.00,26.20
30.240455,-97.817713,0.224,69.00,26.20
30.240455,-97.817713,0.2281,69.00,26.20
30.240455,-97.817713,0.2248,69.00,26.20
30.240455,-97.817713,0.2193,69.00,26.20
30.240455,-97.817713,0.2265,69.00,26.20
30.240455,-97.817713,0.2237,69.00,26.20
30.240455,-97.817713,0.2193,69.00,26.20
30.240455,-97.817713,0.2205,69.00,26.20
30.240455,-97.817713,0.2257,69.00,26.20
30.240455,-97.817713,0.2168,69.00,26.20
30.240455,-97.817713,0.2205,69.00,26.20
30.240455,-97.817713,0.2256,69.00,26.20
30.240455,-97.817713,0.2144,69.00,26.20
30.240455,-97.817713,0.2209,69.00,26.20
30.240455,-97.817713,0.2268,69.00,26.20
30.240455,-97.817713,0.2269,69.00,26.20
30.240455,-97.817713,0.2269,69.00,26.20
30.240455,-97.817713,0.2269,69.00,26.20
30.240455,-97.817713,0.2153,69.00,26.20
30.240455,-97.817713,0.2249,69.00,26.10
30.240455,-97.817713,0.224,69.00,26.00
30.240455,-97.817713,0.2225,70.00,25.90
30.240455,-97.817713,0.2197,70.00,25.90
30.240455,-97.817713,0.2148,70.00,25.80
30.240455,-97.817713,0.2168,70.00,25.80
30.240455,-97.817713,0.2276,70.00,25.80
30.240455,-97.817713,0.2225,70.00,25.80
30.240455,-97.817713,0.2225,70.00,25.80
30.240455,-97.817713,0.2189,70.00,-12.60
30.240455,-97.817713,0.2205,70.00,25.80
30.240455,-97.817713,0.2317,70.00,25.80
30.240455,-97.817713,0.2257,70.00,25.80
30.240455,-97.817713,0.2132,70.00,25.80
30.240455,-97.817713,0.2205,70.00,25.80
30.240455,-97.817713,0.2245,70.00,25.80
30.240455,-97.817713,0.2244,69.00,25.80
30.240455,-97.817713,0.2209,69.00,25.80
30.240455,-97.817713,0.2209,69.00,25.80
30.240455,-97.817713,0.2176,69.00,25.80
30.240455,-97.817713,0.2153,69.00,25.80
30.240455,-97.817713,0.2205,69.00,25.80
30.240455,-97.817713,0.2252,69.00,25.80
30.240455,-97.817713,0.2241,69.00,25.80
30.240455,-97.817713,0.2241,70.00,25.90
30.240455,-97.817713,0.2148,70.00,26.20
30.240455,-97.817713,0.2217,70.00,26.20
30.240455,-97.817713,0.2185,69.00,26.20
30.240455,-97.817713,0.2257,69.00,26.20
30.240455,-97.817713,0.2209,69.00,26.20
30.240455,-97.817713,0.228,69.00,26.20
30.240455,-97.817713,0.2233,69.00,26.20
30.240455,-97.817713,0.2225,69.00,26.20
30.240455,-97.817713,0.2152,69.00,26.20
30.240455,-97.817713,0.2201,69.00,26.10
30.240455,-97.817713,0.2217,69.00,26.00
30.240455,-97.817713,0.2165,69.00,25.90
30.240455,-97.817713,0.2237,69.00,25.80
30.240455,-97.817713,0.2148,69.00,25.80
30.240455,-97.817713,0.2268,69.00,25.80
30.240455,-97.817713,0.2252,69.00,25.80
30.240455,-97.817713,0.2225,69.00,25.80
30.240455,-97.817713,0.2273,69.00,25.80
30.240455,-97.817713,0.2205,69.00,25.80
30.240455,-97.817713,0.2216,69.00,25.80
30.240455,-97.817713,0.2212,69.00,25.80
30.240455,-97.817713,0.2261,70.00,25.80
30.240455,-97.817713,0.2228,70.00,25.80
30.240455,-97.817713,0.2173,69.00,25.80
30.240455,-97.817713,0.2228,69.00,25.80
30.240455,-97.817713,0.2224,69.00,25.80
30.240455,-97.817713,0.2296,69.00,25.80
30.240455,-97.817713,0.2197,69.00,25.80
30.240455,-97.817713,0.2145,69.00,25.80
30.240455,-97.817713,0.2208,69.00,25.80
30.240455,-97.817713,0.2253,69.00,25.80
30.240455,-97.817713,0.2185,69.00,25.80
30.240455,-97.817713,0.2225,69.00,25.80
30.240455,-97.817713,0.2264,70.00,25.80
30.240455,-97.817713,0.2225,70.00,25.80
30.240455,-97.817713,0.222,70.00,25.80
30.240455,-97.817713,0.2236,70.00,25.80
30.240455,-97.817713,0.2237,70.00,25.80
30.240455,-97.817713,0.2221,70.00,25.80
30.240455,-97.817713,0.2237,69.00,25.80
30.240455,-97.817713,0.2264,69.00,25.80
30.240455,-97.817713,0.2241,69.00,25.80
30.240455,-97.817713,0.2272,69.00,25.80
30.240455,-97.817713,0.2252,69.00,25.80
30.240455,-97.817713,0.2152,69.00,25.80
30.240455,-97.817713,0.2285,69.00,25.80
30.240455,-97.817713,0.2241,69.00,25.80
30.240455,-97.817713,0.2233,69.00,25.80
30.240455,-97.817713,0.2212,70.00,25.80
30.240455,-97.817713,0.2257,70.00,25.80
30.240455,-97.817713,0.2113,70.00,25.80
30.240455,-97.817713,0.2249,69.00,25.80
30.240455,-97.817713,0.2273,69.00,25.80
30.240455,-97.817713,0.2232,69.00,25.80
30.240455,-97.817713,0.2249,69.00,25.80
30.240455,-97.817713,0.2213,69.00,25.80
30.240455,-97.817713,0.228,69.00,25.80
30.240455,-97.817713,0.226,69.00,25.80
30.240455,-97.817713,0.2208,70.00,25.80
30.240455,-97.817713,0.2276,70.00,25.80
30.240455,-97.817713,0.2244,70.00,25.80
30.240455,-97.817713,0.2281,70.00,25.80
30.240455,-97.817713,0.2177,70.00,25.80
30.240455,-97.817713,0.2237,69.00,25.80
30.240455,-97.817713,0.2277,69.00,25.80
30.240455,-97.817713,0.2268,69.00,25.80
30.240455,-97.817713,0.2256,69.00,25.80
30.240455,-97.817713,0.2249,69.00,25.80
30.240455,-97.817713,0.2292,69.00,25.80
30.240455,-97.817713,0.2248,69.00,25.80
30.240455,-97.817713,0.226,69.00,25.80
30.240455,-97.817713,0.2253,69.00,26.00
30.240455,-97.817713,0.2184,69.00,26.10
30.240455,-97.817713,0.23,69.00,26.20
30.240455,-97.817713,0.2273,69.00,26.20
30.240455,-97.817713,0.2269,69.00,26.20
30.240455,-97.817713,0.2153,70.00,26.20
30.240455,-97.817713,0.2241,70.00,26.20
30.240455,-97.817713,0.2245,70.00,26.20
30.240455,-97.817713,0.2277,70.00,26.20
30.240455,-97.817713,0.2229,70.00,26.20
30.240455,-97.817713,0.2232,70.00,26.20
30.240455,-97.817713,0.218,70.00,26.20
30.240455,-97.817713,0.2304,70.00,26.20
30.240455,-97.817713,0.2272,70.00,26.20
30.240455,-97.817713,0.2285,70.00,26.20
30.240455,-97.817713,0.2209,70.00,26.20
30.240455,-97.817713,0.2269,70.00,26.20
30.240455,-97.817713,0.2336,70.00,26.20
30.240455,-97.817713,0.2264,70.00,26.20
30.240455,-97.817713,0.2277,70.00,26.20
30.240455,-97.817713,0.2253,70.00,26.20
30.240455,-97.817713,0.2189,70.00,26.20
30.240455,-97.817713,0.2301,70.00,26.20
30.240455,-97.817713,0.2289,70.00,26.20
30.240455,-97.817713,0.2181,69.00,26.20
30.240455,-97.817713,0.2253,69.00,26.20
30.240455,-97.817713,0.2168,69.00,26.20
30.240455,-97.817713,0.2205,69.00,26.20
30.240455,-97.817713,0.2256,69.00,26.20
30.240455,-97.817713,0.2273,69.00,26.20
30.240455,-97.817713,0.2665,68.00,25.30
30.240455,-97.817713,0.2665,68.00,25.30
30.240455,-97.817713,0.2665,68.00,25.30
30.240455,-97.817713,0.2621,68.00,25.30
30.240455,-97.817713,0.2621,68.00,25.30
30.240455,-97.817713,0.2621,68.00,25.30
30.240455,-97.817713,0.2621,69.00,25.30
30.240455,-97.817713,0.2677,69.00,25.30
30.240455,-97.817713,0.2677,69.00,25.30
30.240455,-97.817713,0.2677,69.00,25.30
30.240455,-97.817713,0.2677,69.00,25.30
30.240455,-97.817713,0.2432,69.00,25.30
30.240455,-97.817713,0.2432,69.00,25.30
30.240455,-97.817713,0.2432,69.00,25.30
30.240455,-97.817713,0.2432,69.00,25.30
30.240455,-97.817713,0.2345,69.00,25.30
30.240455,-97.817713,0.2345,69.00,25.30
30.240455,-97.817713,0.2293,69.00,25.30
30.240455,-97.817713,0.2293,69.00,25.30
30.240455,-97.817713,0.2293,69.00,25.30
30.240455,-97.817713,0.2293,69.00,25.30
30.240455,-97.817713,0.2317,69.00,25.30
30.240455,-97.817713,0.2317,69.00,25.30
30.240455,-97.817713,0.2317,69.00,25.30
30.240455,-97.817713,0.2352,69.00,25.30
30.240455,-97.817713,0.2357,69.00,25.30
30.240455,-97.817713,0.2293,69.00,25.30
30.240455,-97.817713,0.2225,69.00,25.30
30.240455,-97.817713,0.2313,69.00,25.30
30.240455,-97.817713,0.2165,69.00,25.30
30.240455,-97.817713,0.2156,69.00,25.30
30.240455,-97.817713,0.2069,69.00,25.30
30.240455,-97.817713,0.2133,69.00,25.30
30.240455,-97.817713,0.2133,69.00,25.30
30.240455,-97.817713,0.2121,69.00,25.30
30.240455,-97.817713,0.2108,69.00,25.30
30.240455,-97.817713,0.2148,69.00,25.30
30.240455,-97.817713,0.2116,69.00,25.30
30.240455,-97.817713,0.2101,69.00,25.30
30.240455,-97.817713,0.2172,69.00,25.30
30.240455,-97.817713,0.2077,69.00,25.30
30.240455,-97.817713,0.2176,69.00,25.30
30.240455,-97.817713,0.2132,69.00,25.30
30.240455,-97.817713,0.2109,69.00,25.30
30.240455,-97.817713,0.2169,69.00,25.30
30.240455,-97.817713,0.2117,69.00,25.30
30.240455,-97.817713,0.2161,69.00,25.30
30.240455,-97.817713,0.2156,69.00,25.30
30.240455,-97.817713,0.2097,69.00,25.30
30.240455,-97.817713,0.2112,69.00,25.30
30.240455,-97.817713,0.2076,69.00,25.30
30.240455,-97.817713,0.2077,69.00,25.30
30.240455,-97.817713,0.2121,69.00,25.30
30.240455,-97.817713,0.2077,69.00,25.30
30.240455,-97.817713,0.218,69.00,25.30
30.240455,-97.817713,0.2125,69.00,25.30
30.240455,-97.817713,0.2105,69.00,25.30
30.240455,-97.817713,0.2129,69.00,25.30
30.240455,-97.817713,0.2136,69.00,25.30
30.240455,-97.817713,0.2156,69.00,25.30
30.240455,-97.817713,0.2145,69.00,25.30
30.240455,-97.817713,0.2077,69.00,25.30
30.240455,-97.817713,0.2148,69.00,25.30
30.240455,-97.817713,0.2156,69.00,25.30
30.240455,-97.817713,0.218,69.00,25.30
30.240455,-97.817713,0.2224,69.00,25.30
30.240455,-97.817713,0.2196,69.00,25.30
30.240455,-97.817713,0.2221,69.00,25.30
30.240455,-97.817713,0.2121,69.00,25.30
30.240455,-97.817713,0.2141,69.00,25.30
30.240455,-97.817713,0.2244,69.00,25.30
30.240455,-97.817713,0.2164,69.00,25.30
30.240455,-97.817713,0.2181,69.00,25.30
30.240455,-97.817713,0.2173,69.00,25.30
30.240455,-97.817713,0.2161,69.00,25.30
30.240455,-97.817713,0.2188,69.00,25.30
30.240455,-97.817713,0.224,69.00,25.30
30.240455,-97.817713,0.2129,69.00,25.30
30.240455,-97.817713,0.2209,69.00,25.30
30.240455,-97.817713,0.2217,69.00,25.30
30.240455,-97.817713,0.2205,69.00,25.30
30.240455,-97.817713,0.2236,69.00,25.30
30.240455,-97.817713,0.2136,69.00,25.30
30.240455,-97.817713,0.2176,69.00,25.30
30.240455,-97.817713,0.2176,69.00,25.30
30.240455,-97.817713,0.218,69.00,25.30
30.240455,-97.817713,0.2221,69.00,25.30
30.240455,-97.817713,0.2189,69.00,25.30
30.240455,-97.817713,0.2125,69.00,25.30
30.240455,-97.817713,0.2177,69.00,25.30
30.240455,-97.817713,0.2136,69.00,25.30
30.240455,-97.817713,0.2177,69.00,25.30
30.240455,-97.817713,0.2333,63.00,25.50
30.240455,-97.817713,0.2333,63.00,25.70
30.240455,-97.817713,0.2333,62.00,25.70
30.240455,-97.817713,0.2316,62.00,25.70
30.240455,-97.817713,0.2316,62.00,25.70
30.240455,-97.817713,0.2316,62.00,25.80
30.240455,-97.817713,0.2316,62.00,25.80
30.240455,-97.817713,0.2369,62.00,25.80
30.240455,-97.817713,0.2369,62.00,25.80
30.240455,-97.817713,0.2369,62.00,25.80
30.240455,-97.817713,0.2369,62.00,25.80
30.240455,-97.817713,0.2696,62.00,25.80
30.240455,-97.817713,0.2696,62.00,25.80
30.240455,-97.817713,0.2696,62.00,25.80
30.240455,-97.817713,0.2696,62.00,25.80
30.240455,-97.817713,0.2485,62.00,25.80
30.240455,-97.817713,0.2485,62.00,25.80
30.240455,-97.817713,0.2485,62.00,25.80
30.240455,-97.817713,0.2485,62.00,25.80
30.240455,-97.817713,0.2569,62.00,25.80
30.240455,-97.817713,0.2569,62.00,25.80
30.240455,-97.817713,0.2569,62.00,25.80
30.240455,-97.817713,0.2569,62.00,25.80
30.240455,-97.817713,0.2492,62.00,25.80
30.240455,-97.817713,0.2492,62.00,25.80
30.240455,-97.817713,0.2492,62.00,25.80
30.240455,-97.817713,0.2492,62.00,25.80
30.240455,-97.817713,0.2372,62.00,25.80
30.240455,-97.817713,0.2372,62.00,25.80
30.240455,-97.817713,0.2372,62.00,25.80
30.240455,-97.817713,0.2372,62.00,25.80
30.240455,-97.817713,0.2453,62.00,25.80
30.240455,-97.817713,0.2453,62.00,25.80
30.240455,-97.817713,0.2453,62.00,25.80
30.240455,-97.817713,0.2453,62.00,25.80
30.240455,-97.817713,0.2492,62.00,25.80
30.240455,-97.817713,0.2492,62.00,25.80
30.240455,-97.817713,0.2492,62.00,25.80
30.240455,-97.817713,0.2492,62.00,25.80
30.240455,-97.817713,0.246,62.00,25.80
30.240455,-97.817713,0.246,62.00,25.80
30.240455,-97.817713,0.246,62.00,25.80
30.240455,-97.817713,0.246,62.00,25.80
30.240455,-97.817713,0.2545,62.00,25.80
30.240455,-97.817713,0.2545,62.00,25.80
30.240455,-97.817713,0.2545,62.00,25.80
30.240455,-97.817713,0.2545,62.00,25.80
30.240455,-97.817713,0.2493,62.00,25.80
30.240455,-97.817713,0.2493,62.00,25.80
30.240455,-97.817713,0.2493,62.00,25.80
30.240455,-97.817713,0.2493,62.00,25.80
30.240455,-97.817713,0.246,62.00,25.80
30.240455,-97.817713,0.246,62.00,25.80
30.240455,-97.817713,0.246,62.00,25.80
30.240455,-97.817713,0.246,61.00,25.80
30.240455,-97.817713,0.2496,61.00,25.80
30.240455,-97.817713,0.2496,61.00,25.80
30.240455,-97.817713,0.2496,61.00,25.80
30.240455,-97.817713,0.2496,61.00,25.80
30.240455,-97.817713,0.2485,61.00,25.80
30.240455,-97.817713,0.2485,61.00,25.80
30.240455,-97.817713,0.2413,61.00,25.80
30.240455,-97.817713,0.2413,61.00,25.80
30.240455,-97.817713,0.2413,61.00,25.80
30.240455,-97.817713,0.2413,61.00,25.80
30.240455,-97.817713,0.2488,61.00,25.80
30.240455,-97.817713,0.2488,61.00,25.80
30.240455,-97.817713,0.2488,61.00,25.80
30.240455,-97.817713,0.2488,61.00,25.80
30.240455,-97.817713,0.2501,61.00,25.80
30.240455,-97.817713,0.2501,61.00,25.80
30.240455,-97.817713,0.2501,61.00,25.80
30.240455,-97.817713,0.2441,62.00,25.80
30.240455,-97.817713,0.2528,62.00,25.70
30.240455,-97.817713,0.2128,62.00,25.70
30.240455,-97.817713,0.2141,62.00,25.70
30.240455,-97.817713,0.2141,62.00,25.80
30.240455,-97.817713,0.2117,62.00,25.60
30.240455,-97.817713,0.2105,62.00,25.40
30.240455,-97.817713,0.2113,62.00,25.30
30.240455,-97.817713,0.2116,62.00,25.30
30.240455,-97.817713,0.2133,62.00,25.30
30.240455,-97.817713,0.2121,62.00,25.30
30.240455,-97.817713,0.2308,61.00,25.30
30.240455,-97.817713,0.2537,61.00,25.30
30.240455,-97.817713,0.2429,61.00,25.30
30.240455,-97.817713,0.2413,61.00,25.30
30.240455,-97.817713,0.2469,61.00,25.30
30.240455,-97.817713,0.2444,61.00,25.30
30.240455,-97.817713,0.2101,61.00,25.30
30.240455,-97.817713,0.2077,61.00,25.30
30.240455,-97.817713,0.2108,62.00,25.30
30.240455,-97.817713,0.2121,62.00,25.30
30.240455,-97.817713,0.2197,62.00,25.30
30.240455,-97.817713,0.2189,62.00,25.30
30.240455,-97.817713,0.2097,62.00,25.30
30.240455,-97.817713,0.2036,62.00,25.30
30.240455,-97.817713,0.2136,62.00,25.30
30.240455,-97.817713,0.2172,62.00,25.30
30.240455,-97.817713,0.2093,61.00,25.30
30.240455,-97.817713,0.2137,61.00,25.70
30.240455,-97.817713,0.2157,61.00,25.80
30.240455,-97.817713,0.2109,61.00,25.80
30.240455,-97.817713,0.2076,61.00,25.80
30.240455,-97.817713,0.2148,61.00,25.80
30.240455,-97.817713,0.2152,61.00,25.80
30.240455,-97.817713,0.2089,61.00,25.80
30.240455,-97.817713,0.2157,61.00,25.80
30.240455,-97.817713,0.2077,61.00,25.80
30.240455,-97.817713,0.2077,61.00,25.80
30.240455,-97.817713,0.2141,60.00,25.80
30.240455,-97.817713,0.2161,60.00,25.80
30.240455,-97.817713,0.2077,60.00,25.80
30.240455,-97.817713,0.2145,60.00,25.80
30.240455,-97.817713,0.2061,60.00,25.80
30.240455,-97.817713,0.2152,60.00,25.80
30.240455,-97.817713,0.2152,60.00,25.80
30.240455,-97.817713,0.2117,60.00,25.80
30.240455,-97.817713,0.2113,60.00,25.80
30.240455,-97.817713,0.2133,60.00,25.50
30.240455,-97.817713,0.2136,60.00,25.30
30.240455,-97.817713,0.2153,60.00,25.30
30.240455,-97.817713,0.2117,60.00,25.30
30.240455,-97.817713,0.2112,60.00,25.30
30.240455,-97.817713,0.2145,60.00,25.30
30.240455,-97.817713,0.2132,60.00,25.30
30.240455,-97.817713,0.2177,60.00,25.30
30.240455,-97.817713,0.2156,60.00,25.30
30.240455,-97.817713,0.2097,60.00,25.30
30.240455,-97.817713,0.2144,60.00,25.30
30.240455,-97.817713,0.214,60.00,25.30
30.240455,-97.817713,0.2097,60.00,25.30
30.240455,-97.817713,0.2093,60.00,25.30
30.240455,-97.817713,0.2009,60.00,25.30
30.240455,-97.817713,0.2077,60.00,25.30
30.240455,-97.817713,0.2116,60.00,25.30
30.240455,-97.817713,0.2108,60.00,25.30
30.240455,-97.817713,0.2137,60.00,25.30
30.240455,-97.817713,0.2168,60.00,25.30
30.240455,-97.817713,0.2105,61.00,25.30
30.240455,-97.817713,0.2085,61.00,25.30
30.240455,-97.817713,0.2069,61.00,25.30
30.240455,-97.817713,0.2065,61.00,25.30
30.240455,-97.817713,0.2149,61.00,25.30
30.240455,-97.817713,0.2077,61.00,25.30
30.240455,-97.817713,0.2037,61.00,25.30
30.240455,-97.817713,0.2101,61.00,25.30
30.240455,-97.817713,0.2133,61.00,25.30
30.240455,-97.817713,0.2177,62.00,25.30
30.240455,-97.817713,0.2077,61.00,25.30
30.240455,-97.817713,0.2129,61.00,25.30
30.240455,-97.817713,0.2093,61.00,25.30
30.240455,-97.817713,0.2145,61.00,25.30
30.240455,-97.817713,0.2073,61.00,25.30
30.240455,-97.817713,0.2069,60.00,25.30
30.240455,-97.817713,0.2112,60.00,25.30
30.240455,-97.817713,0.2121,60.00,25.30
30.240455,-97.817713,0.206,60.00,25.30
30.240455,-97.817713,0.2044,60.00,25.30
30.240455,-97.817713,0.2137,61.00,25.30
30.240455,-97.817713,0.2037,61.00,25.30
30.240455,-97.817713,0.2173,61.00,25.30
30.240455,-97.817713,0.2093,61.00,25.30
30.240455,-97.817713,0.2073,61.00,25.30
30.240455,-97.817713,0.2101,61.00,25.30
30.240455,-97.817713,0.2108,61.00,25.30
30.240455,-97.817713,0.2077,61.00,25.30
30.240455,-97.817713,0.2029,61.00,25.30
30.240455,-97.817713,0.2005,61.00,25.30
30.240455,-97.817713,0.2044,61.00,25.30
30.240455,-97.817713,0.2041,61.00,25.30
30.240455,-97.817713,0.2069,61.00,25.30
30.240455,-97.817713,0.2077,61.00,25.30
30.240455,-97.817713,0.2076,61.00,25.30
30.240455,-97.817713,0.2024,61.00,25.30
30.240455,-97.817713,0.2009,61.00,25.30
30.240455,-97.817713,0.2093,61.00,25.30
30.240455,-97.817713,0.2029,61.00,25.30
30.240455,-97.817713,0.2108,61.00,25.30
30.240455,-97.817713,0.2045,60.00,25.30
30.240455,-97.817713,0.2077,60.00,25.30
30.240455,-97.817713,0.2061,60.00,25.30
30.240455,-97.817713,0.1981,60.00,25.30
30.240455,-97.817713,0.2093,61.00,25.30
30.240455,-97.817713,0.2001,60.00,25.30
30.240455,-97.817713,0.2124,60.00,25.30
30.240455,-97.817713,0.2077,60.00,25.30
30.240455,-97.817713,0.2069,60.00,25.30
30.240455,-97.817713,0.2109,60.00,25.30
30.240455,-97.817713,0.2128,61.00,25.30
30.240455,-97.817713,0.2097,60.00,25.30
30.240455,-97.817713,0.2112,61.00,25.30
30.240455,-97.817713,0.2097,61.00,25.30
30.240455,-97.817713,0.2104,61.00,25.30
30.240455,-97.817713,0.2037,61.00,25.30
30.240455,-97.817713,0.2029,61.00,25.30
30.240455,-97.817713,0.2105,61.00,25.30
30.240455,-97.817713,0.2037,61.00,25.30
30.240455,-97.817713,0.2076,61.00,25.60
30.240455,-97.817713,0.2109,61.00,25.80
30.240455,-97.817713,0.2013,61.00,25.80
30.240455,-97.817713,0.1945,61.00,25.80
30.240455,-97.817713,0.2032,61.00,25.80
30.240455,-97.817713,0.2089,61.00,25.80
30.240455,-97.817713,0.2077,61.00,25.80
30.240455,-97.817713,0.2077,61.00,25.80
30.240455,-97.817713,0.2077,61.00,25.80
30.240455,-97.817713,0.1997,60.00,25.80
30.240455,-97.817713,0.2028,60.00,25.80
30.240455,-97.817713,0.2076,60.00,25.80
30.240455,-97.817713,0.2165,60.00,25.80
30.240455,-97.817713,0.2108,60.00,25.80
30.240455,-97.817713,0.2077,60.00,25.80
30.240455,-97.817713,0.2141,60.00,25.80
30.240455,-97.817713,0.2096,60.00,25.80
30.240455,-97.817713,0.2148,59.00,25.80
30.240455,-97.817713,0.2105,59.00,25.80
30.240455,-97.817713,0.2153,59.00,25.80
30.240455,-97.817713,0.2165,59.00,25.80
30.240455,-97.817713,0.2157,59.00,25.80
30.240455,-97.817713,0.2041,59.00,25.80
30.240455,-97.817713,0.2124,59.00,25.80
30.240455,-97.817713,0.2116,59.00,25.80
30.240455,-97.817713,0.2077,59.00,25.80
30.240455,-97.817713,0.2153,59.00,25.80
30.240455,-97.817713,0.2165,59.00,25.70
30.240455,-97.817713,0.2116,59.00,25.40
30.240455,-97.817713,0.2169,59.00,25.30
30.240455,-97.817713,0.2077,59.00,25.30
30.240455,-97.817713,0.2077,59.00,25.30
30.240455,-97.817713,0.2185,59.00,25.40
30.240455,-97.817713,0.2077,59.00,25.40
30.240455,-97.817713,0.2121,59.00,25.30
30.240455,-97.817713,0.2156,59.00,25.30
30.240455,-97.817713,0.2073,59.00,25.30
30.240455,-97.817713,0.2109,59.00,25.30
30.240455,-97.817713,0.2188,59.00,25.30
30.240455,-97.817713,0.1888,59.00,25.30
30.240455,-97.817713,0.2129,59.00,25.30
30.240455,-97.817713,0.2132,59.00,25.30
30.240455,-97.817713,0.2157,59.00,25.30
30.240455,-97.817713,0.2072,59.00,25.30
30.240455,-97.817713,0.2161,59.00,25.30
30.240455,-97.817713,0.2268,59.00,25.30
30.240455,-97.817713,0.2237,59.00,25.30
30.240455,-97.817713,0.2252,59.00,25.30
30.240455,-97.817713,0.2249,59.00,25.30
30.240455,-97.817713,0.2201,59.00,25.30
30.240455,-97.817713,0.2245,59.00,25.30
30.240455,-97.817713,0.2217,59.00,25.30
30.240455,-97.817713,0.2264,59.00,25.30
30.240455,-97.817713,0.2317,59.00,25.30
30.240455,-97.817713,0.2252,59.00,25.30
30.240455,-97.817713,0.2289,59.00,25.30
30.240455,-97.817713,0.224,59.00,25.30
30.240455,-97.817713,0.2152,59.00,25.30
30.240455,-97.817713,0.2237,59.00,25.30
30.240455,-97.817713,0.226,59.00,25.30
30.240455,-97.817713,0.2137,60.00,25.30
30.240455,-97.817713,0.2173,60.00,25.30
30.240455,-97.817713,0.2144,60.00,25.30
30.240455,-97.817713,0.214,60.00,25.30
30.240455,-97.817713,0.2169,60.00,25.30
30.240455,-97.817713,0.2149,60.00,25.30
30.240455,-97.817713,0.2157,60.00,25.30
30.240455,-97.817713,0.2105,60.00,25.30
30.240455,-97.817713,0.2069,60.00,25.30
30.240455,-97.817713,0.2077,60.00,25.30
30.240455,-97.817713,0.2209,60.00,25.30
30.240455,-97.817713,0.2172,60.00,25.30
30.240455,-97.817713,0.2244,60.00,25.30
30.240455,-97.817713,0.2933,60.00,25.30
30.240455,-97.817713,0.2588,60.00,25.30
30.240455,-97.817713,0.2565,60.00,25.30
30.240455,-97.817713,0.2613,60.00,25.30
30.240455,-97.817713,0.2785,60.00,25.30
30.240455,-97.817713,0.2805,60.00,25.30
30.240455,-97.817713,0.2917,60.00,25.30
30.240455,-97.817713,0.2608,61.00,25.30
30.240455,-97.817713,0.2628,61.00,25.30
30.240455,-97.817713,0.2525,61.00,25.30
30.240455,-97.817713,0.2768,61.00,25.30
30.240455,-97.817713,0.2636,61.00,25.50
30.240455,-97.817713,0.2768,61.00,25.70
30.240455,-97.817713,0.2609,61.00,25.80
30.240455,-97.817713,0.2589,61.00,25.80
30.240455,-97.817713,0.2568,61.00,25.80
30.240455,-97.817713,0.2608,61.00,25.80
30.240455,-97.817713,0.2692,61.00,25.80
30.240455,-97.817713,0.2724,61.00,25.80
30.240455,-97.817713,0.2628,61.00,25.80
30.240455,-97.817713,0.2693,60.00,25.80
30.240455,-97.817713,0.2581,60.00,25.80
30.240455,-97.817713,0.2617,60.00,25.80
30.240455,-97.817713,0.2493,60.00,25.80
30.240455,-97.817713,0.246,61.00,25.80
30.240455,-97.817713,0.2461,61.00,25.80
30.240455,-97.817713,0.2501,61.00,25.80
30.240455,-97.817713,0.2761,61.00,25.80
30.240455,-97.817713,0.2608,61.00,25.80
30.240455,-97.817713,0.2468,61.00,25.80
30.240455,-97.817713,0.2572,62.00,25.80
30.240455,-97.817713,0.2685,61.00,25.80
30.240455,-97.817713,0.2756,61.00,25.80
30.240455,-97.817713,0.2736,61.00,25.80
30.240455,-97.817713,0.2577,61.00,25.80
30.240455,-97.817713,0.2761,61.00,25.80
30.240455,-97.817713,0.2593,61.00,25.80
30.240455,-97.817713,0.2585,61.00,25.80
30.240455,-97.817713,0.2729,61.00,25.80
30.240455,-97.817713,0.2625,61.00,25.80
30.240455,-97.817713,0.2737,61.00,25.80
30.240455,-97.817713,0.2744,61.00,25.80
30.240455,-97.817713,0.2605,60.00,25.80
30.240455,-97.817713,0.2628,60.00,25.80
30.240455,-97.817713,0.2568,60.00,25.80
30.240455,-97.817713,0.2697,60.00,25.80
30.240455,-97.817713,0.1988,60.00,25.80
30.240455,-97.817713,0.2249,61.00,25.80
30.240455,-97.817713,0.2121,61.00,25.80
30.240455,-97.817713,0.2045,61.00,25.80
30.240455,-97.817713,0.1953,61.00,25.80
30.240455,-97.817713,0.2141,60.00,25.80
30.240455,-97.817713,0.2073,60.00,25.80
30.240455,-97.817713,0.2104,60.00,25.80
30.240455,-97.817713,0.2029,60.00,25.80
30.240455,-97.817713,0.2077,60.00,25.80
30.240455,-97.817713,0.202,60.00,25.80
30.240455,-97.817713,0.2104,60.00,25.80
30.240455,-97.817713,0.2497,60.00,25.80
30.240455,-97.817713,0.2149,60.00,25.80
30.240455,-97.817713,0.2188,60.00,25.80
30.240455,-97.817713,0.2188,60.00,25.80
30.240455,-97.817713,0.2252,60.00,25.80
30.240455,-97.817713,0.2233,60.00,25.80
30.240455,-97.817713,0.2249,60.00,25.80
30.240455,-97.817713,0.226,60.00,25.80
30.240455,-97.817713,0.2237,60.00,25.80
30.240455,-97.817713,0.2341,60.00,25.80
30.240455,-97.817713,0.2248,60.00,25.80
30.240455,-97.817713,0.2209,61.00,25.80
30.240455,-97.817713,0.2261,60.00,25.80
30.240455,-97.817713,0.2296,60.00,25.80
30.240455,-97.817713,0.2173,61.00,26.00
30.240455,-97.817713,0.2169,61.00,26.20
30.240455,-97.817713,0.216,61.00,26.20
30.240455,-97.817713,0.2225,61.00,26.20
30.240455,-97.817713,0.2261,61.00,26.20
30.240455,-97.817713,0.2545,61.00,26.20
30.240455,-97.817713,0.2621,61.00,26.20
30.240455,-97.817713,0.2637,61.00,26.20
30.240455,-97.817713,0.2749,61.00,26.20
30.240455,-97.817713,0.2908,61.00,26.20
30.240455,-97.817713,0.2829,61.00,26.20
30.240455,-97.817713,0.2792,61.00,26.20
30.240455,-97.817713,0.2717,61.00,26.20
30.240455,-97.817713,0.2845,60.00,26.20
30.240455,-97.817713,0.2713,60.00,26.20
30.240455,-97.817713,0.274,60.00,26.20
30.240455,-97.817713,0.2693,60.00,26.20
30.240455,-97.817713,0.2821,60.00,26.20
30.240455,-97.817713,0.2557,60.00,26.20
30.240455,-97.817713,0.2557,60.00,26.20
30.240455,-97.817713,0.2744,60.00,26.20
30.240455,-97.817713,0.2749,59.00,26.20
30.240455,-97.817713,0.2784,59.00,26.20
30.240455,-97.817713,0.2701,59.00,26.20
30.240455,-97.817713,0.2781,59.00,26.20
30.240455,-97.817713,0.2629,59.00,26.20
30.240455,-97.817713,0.2637,59.00,26.20
30.240455,-97.817713,0.2828,59.00,26.20
30.240455,-97.817713,0.2781,59.00,26.20
30.240455,-97.817713,0.2709,59.00,26.20
30.240455,-97.817713,0.2741,59.00,26.20
30.240455,-97.817713,0.2092,59.00,25.80
30.240455,-97.817713,0.2013,60.00,25.80
30.240455,-97.817713,0.1949,60.00,25.80
30.240455,-97.817713,0.1965,60.00,25.80
30.240455,-97.817713,0.1969,60.00,25.80
30.240455,-97.817713,0.2101,60.00,25.80
30.240455,-97.817713,0.2129,60.00,25.80
30.240455,-97.817713,0.2077,60.00,25.80
30.240455,-97.817713,0.2109,59.00,25.80
30.240455,-97.817713,0.2093,59.00,25.80
30.240455,-97.817713,0.2108,59.00,25.80
30.240455,-97.817713,0.2141,59.00,25.80
30.240455,-97.817713,0.2077,59.00,25.80
30.240455,-97.817713,0.2137,59.00,25.80
30.240455,-97.817713,0.2045,59.00,25.80
30.240455,-97.817713,0.2076,59.00,25.80
30.240455,-97.817713,0.2117,59.00,25.80
30.240455,-97.817713,0.2093,59.00,25.80
30.240455,-97.817713,0.2077,59.00,25.80
30.240455,-97.817713,0.2092,59.00,25.80
30.240455,-97.817713,0.2097,59.00,25.80
30.240455,-97.817713,0.2077,59.00,25.80
30.240455,-97.817713,0.2037,59.00,25.80
30.240455,-97.817713,0.2108,59.00,25.80
30.240455,-97.817713,0.2104,59.00,25.80
30.240455,-97.817713,0.2036,59.00,25.80
30.240455,-97.817713,0.2077,59.00,25.80
30.240455,-97.817713,0.2076,59.00,25.80
30.240455,-97.817713,0.2121,59.00,25.80
30.240455,-97.817713,0.2097,59.00,25.80
30.240455,-97.817713,0.2109,59.00,25.80
30.240455,-97.817713,0.2101,59.00,25.80
30.240455,-97.817713,0.204,59.00,25.80
30.240455,-97.817713,0.2069,59.00,25.80
30.240455,-97.817713,0.2033,59.00,25.80
30.240455,-97.817713,0.2077,59.00,25.80
30.240455,-97.817713,0.2025,59.00,25.80
30.240455,-97.817713,0.2077,59.00,25.80
30.240455,-97.817713,0.2065,59.00,25.80
30.240455,-97.817713,0.2064,59.00,25.80
30.240455,-97.817713,0.2028,59.00,25.80
30.240455,-97.817713,0.2012,59.00,25.80
30.240455,-97.817713,0.2021,59.00,25.70
30.240455,-97.817713,0.2005,59.00,25.70
30.240455,-97.817713,0.2073,59.00,25.70
30.240455,-97.817713,0.2017,59.00,25.70
30.240455,-97.817713,0.2077,59.00,25.70
30.240455,-97.817713,0.2093,59.00,25.80
30.240455,-97.817713,0.2045,59.00,25.80
30.240455,-97.817713,0.2033,59.00,25.80
30.240455,-97.817713,0.2076,59.00,25.80
30.240455,-97.817713,0.2092,59.00,25.70
30.240455,-97.817713,0.2041,59.00,25.70
30.240455,-97.817713,0.2077,59.00,25.70
30.240455,-97.817713,0.2077,59.00,25.70
30.240455,-97.817713,0.2033,59.00,25.80
30.240455,-97.817713,0.2077,59.00,25.70
30.240455,-97.817713,0.2013,59.00,25.50
30.240455,-97.817713,0.2061,59.00,25.50
30.240455,-97.817713,0.2077,59.00,25.30
30.240455,-97.817713,0.2033,59.00,25.30
30.240455,-97.817713,0.2005,59.00,25.30
30.240455,-97.817713,0.2077,59.00,25.30
30.240455,-97.817713,0.2153,59.00,25.30
30.240455,-97.817713,0.2117,59.00,25.40
30.240455,-97.817713,0.2105,59.00,25.50
30.240455,-97.817713,0.2109,59.00,25.70
30.240455,-97.817713,0.2109,59.00,25.70
30.240455,-97.817713,0.216,59.00,25.70
30.240455,-97.817713,0.2133,59.00,25.80
30.240455,-97.817713,0.2101,59.00,25.80
30.240455,-97.817713,0.218,59.00,25.80
30.240455,-97.817713,0.2149,59.00,25.80
30.240455,-97.817713,0.212,59.00,25.80
30.240455,-97.817713,0.2136,59.00,25.80
30.240455,-97.817713,0.2157,59.00,25.80
30.240455,-97.817713,0.2161,59.00,25.80
30.240455,-97.817713,0.2212,59.00,25.80
30.240455,-97.817713,0.2161,59.00,25.80
30.240455,-97.817713,0.2189,59.00,25.80
30.240455,-97.817713,0.2161,59.00,25.80
30.240455,-97.817713,0.2201,59.00,25.80
30.240455,-97.817713,0.2113,59.00,25.80
30.240455,-97.817713,0.2172,59.00,25.80
30.240455,-97.817713,0.2153,59.00,25.80
30.240455,-97.817713,0.2152,59.00,25.80
30.240455,-97.817713,0.22,59.00,25.80
30.240455,-97.817713,0.2161,59.00,25.80
30.240455,-97.817713,0.2241,59.00,25.80
30.240455,-97.817713,0.2201,59.00,25.80
30.240455,-97.817713,0.2188,59.00,25.80
30.240455,-97.817713,0.2201,59.00,25.80
30.240455,-97.817713,0.2213,59.00,25.80
30.240455,-97.817713,0.2161,59.00,25.80
30.240455,-97.817713,0.2225,59.00,25.80
30.240455,-97.817713,0.2245,59.00,25.80
30.240455,-97.817713,0.2177,59.00,25.80
30.240455,-97.817713,0.2236,59.00,25.80
30.240455,-97.817713,0.2228,59.00,25.80
30.240455,-97.817713,0.1657,54.00,25.80
30.240455,-97.817713,0.1692,54.00,25.80
30.240455,-97.817713,0.1685,55.00,25.80
30.240455,-97.817713,0.1681,55.00,25.80
30.240455,-97.817713,0.1593,55.00,25.80
30.240455,-97.817713,0.1688,54.00,25.80
30.240455,-97.817713,0.1668,54.00,25.80
30.240455,-97.817713,0.1684,54.00,25.80
30.240455,-97.817713,0.1676,54.00,25.80
30.240455,-97.817713,0.1685,54.00,25.80
30.240455,-97.817713,0.1665,54.00,25.80
30.240455,-97.817713,0.1721,54.00,25.80
30.240455,-97.817713,0.174,53.00,25.80
30.240455,-97.817713,0.1833,49.00,24.90
30.240455,-97.817713,0.1877,49.00,24.80
30.240455,-97.817713,0.1917,49.00,24.80
30.240455,-97.817713,0.1925,49.00,24.80
30.240455,-97.817713,0.1885,49.00,24.80
30.240455,-97.817713,0.1865,50.00,24.80
30.240455,-97.817713,0.1845,50.00,24.80
30.240455,-97.817713,0.26240578293800354,50.00,24.80
30.240455,-97.817713,0.5181,51.00,24.80
30.240455,-97.817713,0.5757,52.00,25.20
30.240455,-97.817713,0.5512,53.00,25.30
30.240455,-97.817713,0.396,51.00,24.80
30.240455,-97.817713,0.3925,51.00,24.90
30.240455,-97.817713,0.3924,50.00,25.00
30.240455,-97.817713,0.3901,50.00,25.20
30.240455,-97.817713,0.3896,49.00,25.00
30.240455,-97.817713,0.3904,49.00,25.00
30.240455,-97.817713,0.39,49.00,25.00
30.240455,-97.817713,0.3848,50.00,25.20
30.240455,-97.817713,0.3844,50.00,25.30
30.240455,-97.817713,0.3824,49.00,25.30
30.240455,-97.817713,0.3829,49.00,25.30
30.240455,-97.817713,0.3804,49.00,25.30
30.240455,-97.817713,0.3789,49.00,25.30
30.240455,-97.817713,0.3781,49.00,25.30
30.240455,-97.817713,0.3813,49.00,25.30
30.240455,-97.817713,0.3756,49.00,25.30
30.240455,-97.817713,0.3689,49.00,25.30
30.240455,-97.817713,0.3865,49.00,25.30
30.240455,-97.817713,0.3705,49.00,25.30
30.240455,-97.817713,0.3668,49.00,25.30
30.240455,-97.817713,0.3664,49.00,25.30
30.240455,-97.817713,0.3625,49.00,25.30
30.240455,-97.817713,0.3609,49.00,25.30
30.240455,-97.817713,0.3612,49.00,25.30
30.240455,-97.817713,0.3628,49.00,25.30
30.240455,-97.817713,0.3628,49.00,25.30
30.240455,-97.817713,0.3637,49.00,25.30
30.240455,-97.817713,0.3573,49.00,25.30
30.240455,-97.817713,0.356,48.00,25.30
30.240455,-97.817713,0.3549,48.00,25.30
30.240455,-97.817713,0.3529,48.00,25.30
30.240455,-97.817713,0.3545,48.00,25.30
30.240455,-97.817713,0.3557,48.00,25.30
30.240455,-97.817713,0.3545,48.00,25.30
30.240455,-97.817713,0.3497,48.00,25.30
30.240455,-97.817713,0.3524,48.00,25.30
30.240455,-97.817713,0.3536,48.00,25.30
30.240455,-97.817713,0.3524,48.00,25.30
30.240455,-97.817713,0.354,48.00,25.30
30.240455,-97.817713,0.3517,48.00,25.30
30.240455,-97.817713,0.3493,48.00,25.30
30.240455,-97.817713,0.3501,48.00,25.30
30.240455,-97.817713,0.3516,48.00,25.30
30.240455,-97.817713,0.3496,48.00,25.30
30.240455,-97.817713,0.3437,48.00,25.30
30.240455,-97.817713,0.3469,48.00,25.30
30.240455,-97.817713,0.3464,48.00,25.30
30.240455,-97.817713,0.3421,48.00,25.30
30.240455,-97.817713,0.3445,48.00,25.30
30.240455,-97.817713,0.3473,48.00,25.30
30.240455,-97.817713,0.3493,48.00,25.30
30.240455,-97.817713,0.3437,48.00,25.30
30.240455,-97.817713,0.3432,48.00,25.30
30.240455,-97.817713,0.3413,48.00,25.30
30.240455,-97.817713,0.3389,48.00,25.30
30.240455,-97.817713,0.3409,48.00,25.30
30.240455,-97.817713,0.3373,48.00,25.30
30.240455,-97.817713,0.3385,48.00,25.30
30.240455,-97.817713,0.3384,48.00,25.30
30.240455,-97.817713,0.338,48.00,25.30
30.240455,-97.817713,0.3381,48.00,25.30
30.240455,-97.817713,0.336,48.00,25.30
30.240455,-97.817713,0.3341,48.00,25.30
30.240455,-97.817713,0.3353,48.00,25.30
30.240455,-97.817713,0.3345,48.00,25.30
30.240455,-97.817713,0.3325,48.00,25.30
30.240455,-97.817713,0.334,48.00,25.30
30.240455,-97.817713,0.3325,48.00,25.30
30.240455,-97.817713,0.3313,48.00,25.50
30.240455,-97.817713,0.3313,49.00,25.80
30.240455,-97.817713,0.33,49.00,25.80
30.240455,-97.817713,0.3308,49.00,25.80
30.240455,-97.817713,0.334,49.00,25.80
30.240455,-97.817713,0.3309,49.00,25.80
30.240455,-97.817713,0.3301,49.00,25.80
30.240455,-97.817713,0.3288,49.00,25.80
30.240455,-97.817713,0.3276,49.00,25.80
30.240455,-97.817713,0.3276,49.00,25.80
30.240455,-97.817713,0.3265,49.00,25.80
30.240455,-97.817713,0.3268,49.00,25.80
30.240455,-97.817713,0.3261,49.00,25.80
30.240455,-97.817713,0.3313,49.00,25.80
30.240455,-97.817713,0.3249,50.00,25.80
30.240455,-97.817713,0.3277,50.00,25.80
30.240455,-97.817713,0.3253,50.00,25.80
30.240455,-97.817713,0.3257,50.00,25.80
30.240455,-97.817713,0.3244,50.00,25.80
30.240455,-97.817713,0.3237,50.00,25.80
30.240455,-97.817713,0.3221,50.00,25.80
30.240455,-97.817713,0.3212,50.00,25.80
30.240455,-97.817713,0.3209,50.00,25.80
30.240455,-97.817713,0.3256,51.00,25.80
30.240455,-97.817713,0.3225,51.00,25.80
30.240455,-97.817713,0.3236,52.00,25.80
30.240455,-97.817713,0.322,52.00,25.80
30.240455,-97.817713,0.3292,52.00,25.80
30.240455,-97.817713,0.3208,52.00,25.80
30.240455,-97.817713,0.3245,52.00,25.80
30.240455,-97.817713,0.3193,52.00,25.80
30.240455,-97.817713,0.3168,52.00,25.80
30.240455,-97.817713,0.3188,52.00,25.80
30.240455,-97.817713,0.3169,52.00,25.90
30.240455,-97.817713,0.3157,52.00,26.20
30.240455,-97.817713,0.3176,52.00,26.20
30.240455,-97.817713,0.3149,52.00,26.20
30.240455,-97.817713,0.3149,52.00,26.20
30.240455,-97.817713,0.3133,52.00,26.20
30.240455,-97.817713,0.3165,52.00,26.20
30.240455,-97.817713,0.3141,52.00,26.20
30.240455,-97.817713,0.3133,52.00,26.20
30.240455,-97.817713,0.3133,52.00,26.20
30.240455,-97.817713,0.3173,52.00,26.20
30.240455,-97.817713,0.3157,52.00,26.20
30.240455,-97.817713,0.3129,53.00,26.20
30.240455,-97.817713,0.3148,53.00,26.20
30.240455,-97.817713,0.3133,53.00,26.20
30.240455,-97.817713,0.3104,53.00,26.20
30.240455,-97.817713,0.3117,53.00,26.20
30.240455,-97.817713,0.3116,53.00,26.20
30.240455,-97.817713,0.3104,53.00,26.20
30.240455,-97.817713,0.3117,53.00,26.20
30.240455,-97.817713,0.3116,53.00,26.20
30.240455,-97.817713,0.3104,53.00,26.20
30.240455,-97.817713,0.3105,53.00,26.20
30.240455,-97.817713,0.3053,53.00,26.20
30.240455,-97.817713,0.3104,53.00,26.20
30.240455,-97.817713,0.3057,53.00,26.20
30.240455,-97.817713,0.3048,53.00,26.20
30.240455,-97.817713,0.3069,53.00,26.20
30.240455,-97.817713,0.306,53.00,26.20
30.240455,-97.817713,0.3021,53.00,26.20
30.240455,-97.817713,0.3029,53.00,26.20
30.240455,-97.817713,0.3029,53.00,26.20
30.240455,-97.817713,0.3036,53.00,26.20
30.240455,-97.817713,0.3017,53.00,26.20
30.240455,-97.817713,0.3005,53.00,26.20
30.240455,-97.817713,0.3156,53.00,26.20
30.240455,-97.817713,0.3048,54.00,26.20
30.240455,-97.817713,0.3065,54.00,26.30
30.240455,-97.817713,0.3068,54.00,26.30
30.240455,-97.817713,0.3048,54.00,26.60
30.240455,-97.817713,0.3045,54.00,26.70
